Format Version,1.23,Take Name,Take 2023-12-12 11.00.19 AM,Take Notes,,Capture Frame Rate,100.000000,Export Frame Rate,100.000000,Capture Start Time,2023-12-12 11.00.19.349 ,Total Frames in Take,1430,Total Exported Frames,1430,Rotation Type,Quaternion,Length Units,Meters,Coordinate Space,Global

,Type,Rigid Body,Rigid Body,Rigid Body,Rigid Body,Rigid Body,Rigid Body,Rigid Body,Rigid Body,Rigid Body,Rigid Body,Rigid Body,Rigid Body,Rigid Body,Rigid Body
,Name,mano,mano,mano,mano,mano,mano,mano,RigidBody,RigidBody,RigidBody,RigidBody,RigidBody,RigidBody,RigidBody
,ID,"7D898DEB935011EE83E6B7EAD028669D","7D898DEB935011EE83E6B7EAD028669D","7D898DEB935011EE83E6B7EAD028669D","7D898DEB935011EE83E6B7EAD028669D","7D898DEB935011EE83E6B7EAD028669D","7D898DEB935011EE83E6B7EAD028669D","7D898DEB935011EE83E6B7EAD028669D","21EC515A98D511EE83E6B7EAD028669D","21EC515A98D511EE83E6B7EAD028669D","21EC515A98D511EE83E6B7EAD028669D","21EC515A98D511EE83E6B7EAD028669D","21EC515A98D511EE83E6B7EAD028669D","21EC515A98D511EE83E6B7EAD028669D","21EC515A98D511EE83E6B7EAD028669D"
,,Rotation,Rotation,Rotation,Rotation,Position,Position,Position,Rotation,Rotation,Rotation,Rotation,Position,Position,Position
Frame,Time (Seconds),X,Y,Z,W,X,Y,Z,X,Y,Z,W,X,Y,Z
0,0.000000,,,,,,,,0.102407,0.006615,-0.044996,-0.993702,1.557424,-0.335428,-0.960466
1,0.010000,,,,,,,,0.101907,0.006837,-0.045377,-0.993735,1.557486,-0.335401,-0.960550
2,0.020000,,,,,,,,0.101523,0.006248,-0.045943,-0.993752,1.557502,-0.335362,-0.960633
3,0.030000,,,,,,,,0.101593,0.006806,-0.045964,-0.993740,1.557568,-0.335373,-0.960676
4,0.040000,,,,,,,,0.102271,0.006170,-0.046260,-0.993661,1.557580,-0.335408,-0.960774
5,0.050000,,,,,,,,0.101766,0.006498,-0.046650,-0.993693,1.557616,-0.335385,-0.960805
6,0.060000,,,,,,,,0.102675,0.006561,-0.046179,-0.993621,1.557663,-0.335419,-0.960873
7,0.070000,,,,,,,,0.102347,0.006005,-0.046472,-0.993645,1.557686,-0.335404,-0.960944
8,0.080000,,,,,,,,0.102938,0.004968,-0.046225,-0.993601,1.557686,-0.335459,-0.961052
9,0.090000,,,,,,,,0.102631,0.005014,-0.046564,-0.993616,1.557698,-0.335428,-0.961094
10,0.100000,,,,,,,,0.095780,0.014292,-0.054874,-0.993786,1.558252,-0.335497,-0.961398
11,0.110000,,,,,,,,,,,,,,
12,0.120000,,,,,,,,0.099126,0.008987,-0.047166,-0.993916,1.557898,-0.335490,-0.961407
13,0.130000,,,,,,,,0.099022,0.008034,-0.047119,-0.993937,1.557890,-0.335526,-0.961488
14,0.140000,,,,,,,,0.099104,0.008479,-0.047006,-0.993930,1.557920,-0.335549,-0.961513
15,0.150000,,,,,,,,0.099123,0.008187,-0.047085,-0.993927,1.557923,-0.335557,-0.961547
16,0.160000,,,,,,,,0.099092,0.007326,-0.046865,-0.993947,1.557933,-0.335646,-0.961620
17,0.170000,,,,,,,,0.098981,0.006722,-0.047032,-0.993954,1.557939,-0.335649,-0.961675
18,0.180000,,,,,,,,0.099246,0.007033,-0.046850,-0.993935,1.557947,-0.335676,-0.961688
19,0.190000,,,,,,,,0.099908,0.006216,-0.046509,-0.993890,1.557946,-0.335710,-0.961688
20,0.200000,,,,,,,,0.100020,0.005849,-0.046020,-0.993903,1.557944,-0.335807,-0.961736
21,0.210000,,,,,,,,0.099497,0.006061,-0.046456,-0.993934,1.557970,-0.335798,-0.961745
22,0.220000,,,,,,,,0.099131,0.005412,-0.046558,-0.993970,1.557964,-0.335845,-0.961807
23,0.230000,,,,,,,,0.099241,0.006291,-0.046463,-0.993958,1.557978,-0.335854,-0.961768
24,0.240000,,,,,,,,0.099142,0.005940,-0.046531,-0.993967,1.557984,-0.335887,-0.961795
25,0.250000,,,,,,,,0.099035,0.005668,-0.046597,-0.993976,1.557990,-0.335904,-0.961799
26,0.260000,,,,,,,,0.099455,0.005895,-0.046046,-0.993959,1.558007,-0.335977,-0.961766
27,0.270000,,,,,,,,0.099087,0.004934,-0.046439,-0.993982,1.557976,-0.336026,-0.961752
28,0.280000,,,,,,,,0.098689,0.006206,-0.046675,-0.994004,1.558032,-0.336045,-0.961735
29,0.290000,,,,,,,,0.098658,0.005914,-0.046713,-0.994007,1.558050,-0.336069,-0.961707
30,0.300000,,,,,,,,0.099058,0.006716,-0.046300,-0.993981,1.558105,-0.336105,-0.961620
31,0.310000,,,,,,,,0.099162,0.006530,-0.045962,-0.993988,1.558129,-0.336152,-0.961585
32,0.320000,,,,,,,,0.098832,0.006205,-0.046359,-0.994004,1.558122,-0.336120,-0.961527
33,0.330000,,,,,,,,0.097407,0.008382,-0.047601,-0.994070,1.558280,-0.336177,-0.961549
34,0.340000,,,,,,,,0.100773,0.004243,-0.045082,-0.993878,1.558108,-0.336133,-0.961235
35,0.350000,,,,,,,,0.101639,0.003749,-0.044870,-0.993802,1.558159,-0.336152,-0.961234
36,0.360000,,,,,,,,0.101178,0.004611,-0.045101,-0.993835,1.558214,-0.336106,-0.961124
37,0.370000,,,,,,,,0.101692,0.003089,-0.045265,-0.993781,1.558205,-0.336092,-0.961130
38,0.380000,,,,,,,,0.101985,0.003374,-0.045198,-0.993753,1.558276,-0.336064,-0.961074
39,0.390000,,,,,,,,0.102300,0.002791,-0.045063,-0.993729,1.558292,-0.336076,-0.961018
40,0.400000,,,,,,,,0.102374,0.003409,-0.045166,-0.993714,1.558359,-0.336035,-0.960932
41,0.410000,,,,,,,,0.101935,0.003636,-0.045582,-0.993740,1.558412,-0.336017,-0.960863
42,0.420000,,,,,,,,0.101956,0.003864,-0.045768,-0.993728,1.558436,-0.336003,-0.960785
43,0.430000,,,,,,,,0.102558,0.004068,-0.045277,-0.993688,1.558485,-0.336051,-0.960688
44,0.440000,,,,,,,,0.102068,0.004604,-0.045368,-0.993732,1.558524,-0.336043,-0.960548
45,0.450000,,,,,,,,0.102075,0.005281,-0.045804,-0.993708,1.558566,-0.336008,-0.960418
46,0.460000,,,,,,,,0.101943,0.004551,-0.045935,-0.993719,1.558607,-0.336052,-0.960362
47,0.470000,,,,,,,,0.101895,0.005273,-0.045714,-0.993730,1.558647,-0.336072,-0.960241
48,0.480000,,,,,,,,0.101371,0.005140,-0.045968,-0.993773,1.558694,-0.336079,-0.960136
49,0.490000,,,,,,,,0.101260,0.005016,-0.045986,-0.993784,1.558733,-0.336094,-0.960029
50,0.500000,,,,,,,,0.101050,0.007256,-0.046966,-0.993746,1.558779,-0.336037,-0.959858
51,0.510000,,,,,,,,0.102161,0.005233,-0.045719,-0.993703,1.558779,-0.336217,-0.959798
52,0.520000,,,,,,,,0.101846,0.007538,-0.046248,-0.993696,1.558821,-0.336148,-0.959550
53,0.530000,,,,,,,,0.102243,0.007870,-0.046083,-0.993660,1.558848,-0.336211,-0.959438
54,0.540000,,,,,,,,0.102067,0.007400,-0.046291,-0.993672,1.558834,-0.336237,-0.959346
55,0.550000,,,,,,,,0.102424,0.007499,-0.046031,-0.993647,1.558827,-0.336259,-0.959220
56,0.560000,,,,,,,,0.102174,0.007610,-0.045619,-0.993691,1.558875,-0.336274,-0.959058
57,0.570000,,,,,,,,0.102973,0.008165,-0.045183,-0.993624,1.558895,-0.336350,-0.958881
58,0.580000,,,,,,,,0.103102,0.008542,-0.045171,-0.993608,1.558877,-0.336399,-0.958708
59,0.590000,,,,,,,,0.103393,0.008259,-0.045263,-0.993576,1.558857,-0.336457,-0.958601
60,0.600000,,,,,,,,0.103066,0.008813,-0.045889,-0.993576,1.558847,-0.336405,-0.958456
61,0.610000,,,,,,,,0.103854,0.008450,-0.045657,-0.993508,1.558825,-0.336466,-0.958370
62,0.620000,,,,,,,,0.104288,0.008818,-0.045579,-0.993463,1.558811,-0.336508,-0.958229
63,0.630000,,,,,,,,0.104469,0.008325,-0.045649,-0.993445,1.558738,-0.336503,-0.958157
64,0.640000,,,,,,,,0.104979,0.008846,-0.045092,-0.993412,1.558707,-0.336561,-0.958075
65,0.650000,,,,,,,,0.104808,0.008348,-0.044892,-0.993444,1.558680,-0.336611,-0.958061
66,0.660000,,,,,,,,0.105444,0.008134,-0.044529,-0.993394,1.558635,-0.336681,-0.958073
67,0.670000,,,,,,,,0.105511,0.008807,-0.044590,-0.993379,1.558609,-0.336700,-0.958072
68,0.680000,,,,,,,,0.105180,0.008585,-0.044551,-0.993418,1.558603,-0.336712,-0.958144
69,0.690000,,,,,,,,0.105304,0.008840,-0.044584,-0.993401,1.558591,-0.336720,-0.958199
70,0.700000,,,,,,,,0.105478,0.008453,-0.044469,-0.993391,1.558567,-0.336730,-0.958310
71,0.710000,,,,,,,,0.105782,0.008533,-0.044316,-0.993365,1.558559,-0.336740,-0.958488
72,0.720000,,,,,,,,0.104804,0.007995,-0.044629,-0.993459,1.558573,-0.336724,-0.958710
73,0.730000,,,,,,,,0.104558,0.009147,-0.045305,-0.993444,1.558586,-0.336629,-0.958980
74,0.740000,,,,,,,,0.104117,0.008830,-0.045032,-0.993506,1.558607,-0.336627,-0.959234
75,0.750000,,,,,,,,0.103746,0.008528,-0.045034,-0.993547,1.558595,-0.336621,-0.959509
76,0.760000,,,,,,,,0.102519,0.007632,-0.045214,-0.993674,1.558611,-0.336690,-0.959878
77,0.770000,,,,,,,,0.101407,0.007727,-0.045585,-0.993770,1.558636,-0.336643,-0.960205
78,0.780000,,,,,,,,0.100288,0.008094,-0.045973,-0.993863,1.558656,-0.336661,-0.960556
79,0.790000,,,,,,,,0.099968,0.008424,-0.045836,-0.993899,1.558671,-0.336691,-0.960906
80,0.800000,,,,,,,,0.100200,0.005217,-0.044691,-0.993949,1.558670,-0.336887,-0.961398
81,0.810000,,,,,,,,0.101593,0.017242,-0.049776,-0.993430,1.558657,-0.336061,-0.961073
82,0.820000,,,,,,,,0.101083,0.017256,-0.049683,-0.993487,1.558659,-0.336105,-0.961427
83,0.830000,,,,,,,,0.101475,0.018445,-0.050204,-0.993399,1.558582,-0.336184,-0.961776
84,0.840000,,,,,,,,0.102339,0.005207,-0.043966,-0.993764,1.558521,-0.337276,-0.962924
85,0.850000,,,,,,,,0.100479,0.007566,-0.044743,-0.993904,1.558603,-0.337341,-0.963432
86,0.860000,,,,,,,,0.099983,0.007922,-0.044657,-0.993955,1.558667,-0.337336,-0.963760
87,0.870000,,,,,,,,0.101248,0.005002,-0.044154,-0.993868,1.558605,-0.337399,-0.964033
88,0.880000,,,,,,,,0.097643,0.007335,-0.045552,-0.994151,1.558710,-0.337390,-0.964484
89,0.890000,,,,,,,,0.095611,0.009740,-0.043375,-0.994426,1.558773,-0.337343,-0.964931
90,0.900000,,,,,,,,0.096162,0.007155,-0.043661,-0.994382,1.558747,-0.337398,-0.965460
91,0.910000,,,,,,,,0.096923,0.008194,-0.042499,-0.994350,1.558837,-0.337476,-0.965618
92,0.920000,,,,,,,,0.096650,0.008752,-0.042452,-0.994374,1.558888,-0.337539,-0.965952
93,0.930000,,,,,,,,0.095162,0.008607,-0.043914,-0.994456,1.559014,-0.337570,-0.966439
94,0.940000,,,,,,,,0.096974,0.007196,-0.043975,-0.994289,1.558928,-0.337753,-0.966973
95,0.950000,,,,,,,,0.098588,0.016093,-0.050861,-0.993697,1.559078,-0.336902,-0.966819
96,0.960000,,,,,,,,0.099776,0.016895,-0.051424,-0.993537,1.559175,-0.336914,-0.967351
97,0.970000,,,,,,,,0.096417,-0.003422,-0.043309,-0.994393,1.559283,-0.338324,-0.968865
98,0.980000,,,,,,,,0.101216,0.005253,-0.040499,-0.994026,1.559774,-0.338483,-0.969151
99,0.990000,,,,,,,,0.099450,0.004424,-0.041125,-0.994183,1.560029,-0.338408,-0.969671
100,1.000000,,,,,,,,0.099370,0.004197,-0.041043,-0.994195,1.560217,-0.338387,-0.970135
101,1.010000,,,,,,,,0.097993,0.002941,-0.041323,-0.994324,1.560444,-0.338360,-0.970719
102,1.020000,,,,,,,,0.097375,0.000784,-0.040744,-0.994413,1.560654,-0.338461,-0.971389
103,1.030000,,,,,,,,0.094789,-0.002151,-0.042273,-0.994597,1.560794,-0.338317,-0.972011
104,1.040000,,,,,,,,0.095299,-0.001899,-0.041304,-0.994590,1.561023,-0.338279,-0.972457
105,1.050000,,,,,,,,0.093395,-0.003403,-0.042997,-0.994694,1.561309,-0.338047,-0.973161
106,1.060000,,,,,,,,0.092360,-0.003787,-0.043450,-0.994770,1.561633,-0.337918,-0.973792
107,1.070000,,,,,,,,0.095571,-0.000513,-0.041313,-0.994565,1.562000,-0.337992,-0.974276
108,1.080000,,,,,,,,0.097377,-0.001653,-0.040811,-0.994409,1.562227,-0.338046,-0.974872
109,1.090000,,,,,,,,0.093911,0.006766,-0.045950,-0.994497,1.562683,-0.337167,-0.975132
110,1.100000,,,,,,,,,,,,,,
111,1.110000,,,,,,,,0.097406,-0.008125,-0.039760,-0.994417,1.563582,-0.338239,-0.977301
112,1.120000,,,,,,,,0.097805,-0.008649,-0.038740,-0.994414,1.563975,-0.338283,-0.977980
113,1.130000,,,,,,,,0.099687,-0.013307,-0.039101,-0.994161,1.564086,-0.338441,-0.979083
114,1.140000,,,,,,,,0.099216,-0.013693,-0.041092,-0.994123,1.564475,-0.338365,-0.979993
115,1.150000,,,,,,,,0.098398,-0.014295,-0.041305,-0.994187,1.564858,-0.338323,-0.980701
116,1.160000,,,,,,,,0.096593,-0.013920,-0.042550,-0.994317,1.565344,-0.338026,-0.981336
117,1.170000,,,,,,,,0.095021,-0.013062,-0.043346,-0.994445,1.565893,-0.337786,-0.982033
118,1.180000,,,,,,,,,,,,,,
119,1.190000,,,,,,,,,,,,,,
120,1.200000,,,,,,,,0.082441,0.001650,-0.052385,-0.995217,1.567561,-0.336005,-0.984001
121,1.210000,,,,,,,,,,,,,,
122,1.220000,,,,,,,,0.087387,0.015368,-0.053086,-0.994640,1.569340,-0.336587,-0.985267
123,1.230000,,,,,,,,,,,,,,
124,1.240000,,,,,,,,,,,,,,
125,1.250000,,,,,,,,0.075670,-0.000074,-0.055788,-0.995571,1.570817,-0.336580,-0.989018
126,1.260000,,,,,,,,0.077540,-0.003057,-0.053664,-0.995539,1.571058,-0.336571,-0.989625
127,1.270000,,,,,,,,0.080932,-0.007078,-0.051337,-0.995372,1.571457,-0.336355,-0.990484
128,1.280000,,,,,,,,,,,,,,
129,1.290000,,,,,,,,0.077567,-0.019758,-0.054793,-0.995284,1.572799,-0.336256,-0.992926
130,1.300000,,,,,,,,0.082936,-0.012013,-0.051752,-0.995138,1.573736,-0.336234,-0.993865
131,1.310000,,,,,,,,,,,,,,
132,1.320000,,,,,,,,0.084050,-0.014611,-0.048449,-0.995176,1.574487,-0.335822,-0.995425
133,1.330000,,,,,,,,0.083877,-0.014270,-0.048734,-0.995181,1.574976,-0.335640,-0.996390
134,1.340000,,,,,,,,,,,,,,
135,1.350000,,,,,,,,,,,,,,
136,1.360000,,,,,,,,,,,,,,
137,1.370000,,,,,,,,0.085811,-0.015819,-0.046007,-0.995123,1.577833,-0.335378,-1.000829
138,1.380000,,,,,,,,,,,,,,
139,1.390000,,,,,,,,0.080099,-0.022057,-0.050465,-0.995264,1.578892,-0.334863,-1.003316
140,1.400000,,,,,,,,,,,,,,
141,1.410000,,,,,,,,,,,,,,
142,1.420000,,,,,,,,,,,,,,
143,1.430000,,,,,,,,,,,,,,
144,1.440000,,,,,,,,,,,,,,
145,1.450000,,,,,,,,,,,,,,
146,1.460000,,,,,,,,,,,,,,
147,1.470000,,,,,,,,,,,,,,
148,1.480000,,,,,,,,0.072292,-0.010065,-0.056704,-0.995720,1.584586,-0.333375,-1.013075
149,1.490000,,,,,,,,,,,,,,
150,1.500000,,,,,,,,,,,,,,
151,1.510000,,,,,,,,,,,,,,
152,1.520000,,,,,,,,,,,,,,
153,1.530000,,,,,,,,,,,,,,
154,1.540000,,,,,,,,0.072892,-0.024597,-0.055530,-0.995489,1.588071,-0.333822,-1.021680
155,1.550000,,,,,,,,,,,,,,
156,1.560000,,,,,,,,,,,,,,
157,1.570000,,,,,,,,,,,,,,
158,1.580000,,,,,,,,,,,,,,
159,1.590000,,,,,,,,,,,,,,
160,1.600000,,,,,,,,,,,,,,
161,1.610000,,,,,,,,,,,,,,
162,1.620000,,,,,,,,,,,,,,
163,1.630000,,,,,,,,,,,,,,
164,1.640000,,,,,,,,,,,,,,
165,1.650000,,,,,,,,,,,,,,
166,1.660000,,,,,,,,,,,,,,
167,1.670000,,,,,,,,,,,,,,
168,1.680000,,,,,,,,,,,,,,
169,1.690000,,,,,,,,0.041981,-0.062852,-0.082177,-0.993748,1.596840,-0.331647,-1.041729
170,1.700000,,,,,,,,0.037657,-0.057924,-0.080754,-0.994337,1.597583,-0.331330,-1.042848
171,1.710000,,,,,,,,,,,,,,
172,1.720000,,,,,,,,,,,,,,
173,1.730000,,,,,,,,,,,,,,
174,1.740000,,,,,,,,0.031715,-0.069592,-0.085369,-0.993410,1.599795,-0.330505,-1.048620
175,1.750000,,,,,,,,0.028902,-0.066258,-0.087468,-0.993541,1.600536,-0.330287,-1.049869
176,1.760000,,,,,,,,0.026422,-0.065774,-0.088587,-0.993543,1.601108,-0.329902,-1.051132
177,1.770000,,,,,,,,0.027486,-0.065892,-0.089183,-0.993453,1.601775,-0.329715,-1.052470
178,1.780000,,,,,,,,,,,,,,
179,1.790000,,,,,,,,,,,,,,
180,1.800000,,,,,,,,,,,,,,
181,1.810000,,,,,,,,,,,,,,
182,1.820000,,,,,,,,,,,,,,
183,1.830000,,,,,,,,0.013216,-0.064992,-0.090900,-0.993649,1.605816,-0.327675,-1.061345
184,1.840000,,,,,,,,0.015852,-0.068959,-0.093587,-0.993094,1.606467,-0.327570,-1.062584
185,1.850000,,,,,,,,0.017434,-0.076272,-0.093588,-0.992532,1.606866,-0.327665,-1.064173
186,1.860000,,,,,,,,,,,,,,
187,1.870000,,,,,,,,,,,,,,
188,1.880000,,,,,,,,0.002863,-0.078721,-0.100779,-0.991785,1.608696,-0.325897,-1.069160
189,1.890000,,,,,,,,0.010322,-0.060237,-0.103477,-0.992752,1.608681,-0.324656,-1.070378
190,1.900000,,,,,,,,-0.000939,-0.072800,-0.097072,-0.992611,1.609675,-0.325092,-1.072267
191,1.910000,,,,,,,,0.012260,-0.059607,-0.106090,-0.992493,1.609987,-0.324129,-1.073154
192,1.920000,,,,,,,,-0.001657,-0.073269,-0.104164,-0.991856,1.610330,-0.323464,-1.075377
193,1.930000,,,,,,,,-0.001568,-0.076737,-0.115174,-0.990376,1.610365,-0.322626,-1.077159
194,1.940000,,,,,,,,-0.007704,-0.086465,-0.107157,-0.990445,1.611992,-0.322907,-1.078973
195,1.950000,,,,,,,,-0.005824,-0.082382,-0.106897,-0.990834,1.612567,-0.322357,-1.080274
196,1.960000,,,,,,,,,,,,,,
197,1.970000,,,,,,,,,,,,,,
198,1.980000,,,,,,,,,,,,,,
199,1.990000,0.360912,0.537305,0.151865,-0.746983,1.615573,-0.320528,-1.085382,,,,,,,
200,2.000000,,,,,,,,,,,,,,
201,2.010000,,,,,,,,,,,,,,
202,2.020000,0.360092,0.537811,0.144754,-0.748425,1.617041,-0.319284,-1.090665,,,,,,,
203,2.030000,0.357277,0.537216,0.145533,-0.750048,1.617415,-0.318746,-1.091435,,,,,,,
204,2.040000,,,,,,,,-0.006532,-0.059846,-0.106818,-0.992454,1.617835,-0.317741,-1.093794
205,2.050000,,,,,,,,-0.004681,-0.064932,-0.105294,-0.992308,1.618361,-0.317306,-1.095505
206,2.060000,,,,,,,,-0.008432,-0.062148,-0.107084,-0.992270,1.618858,-0.316811,-1.096840
207,2.070000,,,,,,,,,,,,,,
208,2.080000,,,,,,,,,,,,,,
209,2.090000,,,,,,,,,,,,,,
210,2.100000,,,,,,,,-0.005190,-0.059957,-0.111923,-0.991893,1.620310,-0.315166,-1.102889
211,2.110000,,,,,,,,,,,,,,
212,2.120000,,,,,,,,-0.007107,-0.063246,-0.110938,-0.991787,1.621290,-0.314323,-1.105860
213,2.130000,0.348318,0.524226,0.145391,-0.763363,1.622324,-0.314831,-1.106481,,,,,,,
214,2.140000,0.349264,0.526027,0.146133,-0.761548,1.622783,-0.314621,-1.107769,,,,,,,
215,2.150000,0.347920,0.525080,0.145113,-0.763011,1.623408,-0.314056,-1.109621,,,,,,,
216,2.160000,,,,,,,,-0.009511,-0.064232,-0.114462,-0.991303,1.623302,-0.312894,-1.111513
217,2.170000,0.347646,0.525997,0.143215,-0.762862,1.624173,-0.313490,-1.111949,,,,,,,
218,2.180000,0.346883,0.519994,0.143155,-0.767323,1.624763,-0.313112,-1.113981,,,,,,,
219,2.190000,0.345735,0.518183,0.144021,-0.768903,1.625190,-0.312727,-1.115505,,,,,,,
220,2.200000,0.343934,0.519845,0.148204,-0.767793,1.625709,-0.312321,-1.117042,,,,,,,
221,2.210000,0.343217,0.519890,0.147456,-0.768227,1.626130,-0.312013,-1.118296,,,,,,,
222,2.220000,,,,,,,,-0.024244,-0.089455,-0.128125,-0.987418,1.624635,-0.310443,-1.121106
223,2.230000,0.342090,0.518731,0.142699,-0.770409,1.626672,-0.311123,-1.121852,,,,,,,
224,2.240000,0.341222,0.517610,0.141239,-0.771816,1.627025,-0.310887,-1.123160,,,,,,,
225,2.250000,0.342227,0.514649,0.141123,-0.773370,1.627497,-0.310920,-1.124475,,,,,,,
226,2.260000,,,,,,,,,,,,,,
227,2.270000,0.341134,0.510445,0.141045,-0.776646,1.628233,-0.310127,-1.127462,,,,,,,
228,2.280000,0.339098,0.510972,0.138791,-0.777597,1.628589,-0.309817,-1.128972,,,,,,,
229,2.290000,0.337653,0.509932,0.136669,-0.779283,1.628884,-0.309466,-1.129954,,,,,,,
230,2.300000,,,,,,,,,,,,,,
231,2.310000,,,,,,,,,,,,,,
232,2.320000,0.336247,0.509065,0.138365,-0.780158,1.629928,-0.308207,-1.134823,,,,,,,
233,2.330000,0.335527,0.507786,0.138094,-0.781348,1.630151,-0.308046,-1.136028,,,,,,,
234,2.340000,,,,,,,,,,,,,,
235,2.350000,0.332894,0.504879,0.136684,-0.784600,1.630549,-0.307134,-1.139014,,,,,,,
236,2.360000,,,,,,,,-0.038505,-0.114710,-0.135184,-0.983404,1.629058,-0.306003,-1.141092
237,2.370000,,,,,,,,-0.040375,-0.090809,-0.121381,-0.987619,1.630864,-0.306291,-1.141126
238,2.380000,,,,,,,,-0.041475,-0.090894,-0.120754,-0.987642,1.631078,-0.306165,-1.142536
239,2.390000,0.332141,0.504840,0.136106,-0.785044,1.631504,-0.306197,-1.144263,,,,,,,
240,2.400000,,,,,,,,-0.049244,-0.121970,-0.129104,-0.982869,1.630521,-0.305505,-1.146535
241,2.410000,0.329989,0.512953,0.132691,-0.781267,1.631367,-0.305470,-1.146009,,,,,,,
242,2.420000,,,,,,,,-0.041538,-0.096935,-0.120641,-0.987078,1.631665,-0.305442,-1.148194
243,2.430000,0.332969,0.512452,0.131424,-0.780546,1.631646,-0.305135,-1.150161,,,,,,,
244,2.440000,0.334274,0.514261,0.130131,-0.779014,1.631807,-0.304796,-1.151600,,,,,,,
245,2.450000,,,,,,,,-0.049865,-0.119449,-0.130678,-0.982939,1.631202,-0.304742,-1.152820
246,2.460000,,,,,,,,-0.050476,-0.116565,-0.128061,-0.983598,1.631558,-0.304848,-1.154061
247,2.470000,,,,,,,,-0.055525,-0.098593,-0.121439,-0.986128,1.632404,-0.305200,-1.154564
248,2.480000,,,,,,,,-0.049124,-0.099279,-0.118821,-0.986718,1.632847,-0.304949,-1.156433
249,2.490000,,,,,,,,-0.054865,-0.131120,-0.129688,-0.981314,1.631824,-0.304651,-1.159747
250,2.500000,,,,,,,,-0.055129,-0.123506,-0.131662,-0.982025,1.631932,-0.304493,-1.160285
251,2.510000,,,,,,,,-0.055771,-0.124000,-0.130987,-0.982016,1.632093,-0.304492,-1.161698
252,2.520000,,,,,,,,-0.057738,-0.100069,-0.120106,-0.986016,1.633198,-0.305028,-1.161973
253,2.530000,,,,,,,,-0.052714,-0.102279,-0.118669,-0.986244,1.633694,-0.304874,-1.163861
254,2.540000,,,,,,,,-0.055308,-0.102588,-0.118530,-0.986087,1.633772,-0.305020,-1.165225
255,2.550000,0.326344,0.501732,0.134703,-0.789696,1.633930,-0.304908,-1.167885,,,,,,,
256,2.560000,0.325858,0.501496,0.135113,-0.789977,1.634000,-0.305190,-1.169142,,,,,,,
257,2.570000,,,,,,,,-0.057988,-0.123472,-0.132202,-0.981792,1.633016,-0.305361,-1.170449
258,2.580000,0.322196,0.506326,0.134455,-0.788508,1.633677,-0.305891,-1.170460,,,,,,,
259,2.590000,0.324778,0.489395,0.139486,-0.797217,1.634385,-0.306863,-1.172782,,,,,,,
260,2.600000,0.324971,0.488648,0.139090,-0.797666,1.634315,-0.307350,-1.174121,,,,,,,
261,2.610000,0.324052,0.485852,0.141274,-0.799362,1.634173,-0.307807,-1.175554,,,,,,,
262,2.620000,,,,,,,,,,,,,,
263,2.630000,,,,,,,,-0.060005,-0.106686,-0.118301,-0.985405,1.633382,-0.308181,-1.177698
264,2.640000,0.324389,0.484788,0.141843,-0.799770,1.633692,-0.308986,-1.179263,,,,,,,
265,2.650000,,,,,,,,,,,,,,
266,2.660000,,,,,,,,-0.055930,-0.109613,-0.114258,-0.985800,1.633154,-0.309558,-1.181625
267,2.670000,,,,,,,,-0.057347,-0.109306,-0.112894,-0.985910,1.632866,-0.310061,-1.182711
268,2.680000,0.330751,0.483438,0.142702,-0.797827,1.632990,-0.311031,-1.183946,,,,,,,
269,2.690000,0.329340,0.481818,0.142728,-0.799385,1.632970,-0.311490,-1.185256,,,,,,,
270,2.700000,,,,,,,,-0.059854,-0.134215,-0.125530,-0.981145,1.631322,-0.311218,-1.186900
271,2.710000,,,,,,,,-0.055287,-0.140226,-0.128499,-0.980188,1.631493,-0.311811,-1.187264
272,2.720000,,,,,,,,-0.050096,-0.125432,-0.117815,-0.983807,1.632088,-0.312644,-1.187353
273,2.730000,,,,,,,,,,,,,,
274,2.740000,0.329576,0.473249,0.136115,-0.805536,1.632246,-0.313324,-1.189338,,,,,,,
275,2.750000,0.328925,0.472777,0.136813,-0.805961,1.632059,-0.313516,-1.190136,,,,,,,
276,2.760000,,,,,,,,-0.048176,-0.128037,-0.113486,-0.984076,1.631636,-0.313545,-1.190822
277,2.770000,,,,,,,,,,,,,,
278,2.780000,,,,,,,,,,,,,,
279,2.790000,,,,,,,,,,,,,,
280,2.800000,,,,,,,,,,,,,,
281,2.810000,0.331689,0.472919,0.141107,-0.804002,1.631569,-0.314040,-1.193581,,,,,,,
282,2.820000,,,,,,,,,,,,,,
283,2.830000,,,,,,,,,,,,,,
284,2.840000,,,,,,,,,,,,,,
285,2.850000,,,,,,,,,,,,,,
286,2.860000,,,,,,,,,,,,,,
287,2.870000,,,,,,,,,,,,,,
288,2.880000,,,,,,,,,,,,,,
289,2.890000,,,,,,,,,,,,,,
290,2.900000,,,,,,,,,,,,,,
291,2.910000,,,,,,,,,,,,,,
292,2.920000,,,,,,,,,,,,,,
293,2.930000,,,,,,,,,,,,,,
294,2.940000,,,,,,,,,,,,,,
295,2.950000,,,,,,,,,,,,,,
296,2.960000,,,,,,,,,,,,,,
297,2.970000,,,,,,,,,,,,,,
298,2.980000,,,,,,,,,,,,,,
299,2.990000,,,,,,,,,,,,,,
300,3.000000,,,,,,,,,,,,,,
301,3.010000,,,,,,,,,,,,,,
302,3.020000,,,,,,,,,,,,,,
303,3.030000,,,,,,,,,,,,,,
304,3.040000,,,,,,,,,,,,,,
305,3.050000,,,,,,,,,,,,,,
306,3.060000,,,,,,,,,,,,,,
307,3.070000,,,,,,,,,,,,,,
308,3.080000,,,,,,,,,,,,,,
309,3.090000,0.330018,0.477753,0.144754,-0.801178,1.633591,-0.312541,-1.194938,,,,,,,
310,3.100000,0.328195,0.478500,0.146041,-0.801248,1.633798,-0.312610,-1.194623,,,,,,,
311,3.110000,,,,,,,,-0.066383,-0.110512,-0.110432,-0.985487,1.633655,-0.312386,-1.193687
312,3.120000,0.328392,0.479330,0.145327,-0.800801,1.634447,-0.312303,-1.193978,,,,,,,
313,3.130000,,,,,,,,-0.068919,-0.143409,-0.115657,-0.980463,1.633691,-0.311802,-1.195163
314,3.140000,,,,,,,,-0.068296,-0.143051,-0.115568,-0.980569,1.634070,-0.311656,-1.194886
315,3.150000,,,,,,,,-0.068752,-0.144386,-0.116635,-0.980215,1.634347,-0.311405,-1.194716
316,3.160000,0.327545,0.480337,0.144485,-0.800696,1.635869,-0.311426,-1.193148,,,,,,,
317,3.170000,,,,,,,,-0.068760,-0.143438,-0.117177,-0.980289,1.635093,-0.311134,-1.194262
318,3.180000,,,,,,,,-0.068094,-0.142908,-0.117329,-0.980395,1.635451,-0.311092,-1.194006
319,3.190000,,,,,,,,-0.065847,-0.141994,-0.120415,-0.980307,1.635647,-0.310850,-1.193815
320,3.200000,,,,,,,,-0.068358,-0.144032,-0.116796,-0.980276,1.636308,-0.311141,-1.193597
321,3.210000,,,,,,,,-0.067559,-0.142135,-0.116052,-0.980696,1.636862,-0.311192,-1.193301
322,3.220000,,,,,,,,-0.065144,-0.137934,-0.120036,-0.980980,1.637227,-0.311131,-1.193100
323,3.230000,,,,,,,,-0.065916,-0.138270,-0.120237,-0.980856,1.637675,-0.311188,-1.192903
324,3.240000,,,,,,,,-0.069779,-0.140370,-0.116832,-0.980703,1.638392,-0.311551,-1.192667
325,3.250000,0.325998,0.479784,0.144321,-0.801688,1.640044,-0.311938,-1.191274,,,,,,,
326,3.260000,,,,,,,,-0.068990,-0.141865,-0.117499,-0.980464,1.639453,-0.312027,-1.192351
327,3.270000,,,,,,,,-0.062307,-0.129357,-0.123592,-0.981891,1.639734,-0.311993,-1.191278
328,3.280000,,,,,,,,-0.064787,-0.130423,-0.122899,-0.981676,1.640474,-0.312455,-1.190799
329,3.290000,,,,,,,,-0.061820,-0.129357,-0.123317,-0.981956,1.641004,-0.312618,-1.190797
330,3.300000,,,,,,,,,,,,,,
331,3.310000,,,,,,,,,,,,,,
332,3.320000,0.326004,0.486636,0.145218,-0.797382,1.644760,-0.314259,-1.188898,,,,,,,
333,3.330000,,,,,,,,,,,,,,
334,3.340000,0.332231,0.489213,0.144531,-0.793350,1.646510,-0.315370,-1.188966,,,,,,,
335,3.350000,0.330223,0.485070,0.146979,-0.796277,1.647840,-0.316002,-1.188792,,,,,,,
336,3.360000,0.330478,0.489513,0.142936,-0.794186,1.648713,-0.316646,-1.188156,,,,,,,
337,3.370000,0.330908,0.489234,0.144230,-0.793944,1.649972,-0.316999,-1.187963,,,,,,,
338,3.380000,0.329292,0.485722,0.147099,-0.796243,1.651389,-0.317285,-1.187941,,,,,,,
339,3.390000,,,,,,,,,,,,,,
340,3.400000,,,,,,,,,,,,,,
341,3.410000,0.329805,0.491569,0.147112,-0.792431,1.654958,-0.318460,-1.186558,,,,,,,
342,3.420000,0.329256,0.493161,0.145554,-0.791958,1.656333,-0.318812,-1.186355,,,,,,,
343,3.430000,0.328550,0.493950,0.144603,-0.791933,1.657724,-0.319426,-1.185923,,,,,,,
344,3.440000,0.327969,0.494603,0.144941,-0.791705,1.659254,-0.319921,-1.185395,,,,,,,
345,3.450000,0.327992,0.493052,0.144464,-0.792749,1.660874,-0.320432,-1.184815,,,,,,,
346,3.460000,0.328528,0.492939,0.150520,-0.791470,1.662518,-0.320571,-1.183721,,,,,,,
347,3.470000,0.327935,0.494831,0.149813,-0.790669,1.664017,-0.320979,-1.183170,,,,,,,
348,3.480000,,,,,,,,,,,,,,
349,3.490000,,,,,,,,,,,,,,
350,3.500000,,,,,,,,,,,,,,
351,3.510000,0.329253,0.499442,0.148196,-0.787520,1.671005,-0.323689,-1.181176,,,,,,,
352,3.520000,0.329499,0.501780,0.151195,-0.785358,1.672858,-0.324060,-1.180819,,,,,,,
353,3.530000,0.326798,0.504664,0.147410,-0.785358,1.674793,-0.324916,-1.180363,,,,,,,
354,3.540000,,,,,,,,,,,,,,
355,3.550000,0.328174,0.502856,0.147507,-0.785926,1.678177,-0.326139,-1.179650,,,,,,,
356,3.560000,0.328152,0.502955,0.146987,-0.785969,1.679971,-0.326867,-1.179396,,,,,,,
357,3.570000,,,,,,,,,,,,,,
358,3.580000,0.327650,0.513961,0.144058,-0.779575,1.683756,-0.328005,-1.180530,,,,,,,
359,3.590000,,,,,,,,,,,,,,
360,3.600000,,,,,,,,,,,,,,
361,3.610000,,,,,,,,,,,,,,
362,3.620000,,,,,,,,,,,,,,
363,3.630000,0.325753,0.514615,0.147536,-0.779288,1.693376,-0.333221,-1.177540,,,,,,,
364,3.640000,,,,,,,,-0.048431,-0.116553,-0.118236,-0.984932,1.693522,-0.333776,-1.178607
365,3.650000,,,,,,,,,,,,,,
366,3.660000,,,,,,,,,,,,,,
367,3.670000,,,,,,,,,,,,,,
368,3.680000,,,,,,,,,,,,,,
369,3.690000,,,,,,,,-0.023173,-0.098504,-0.104593,-0.989354,1.702122,-0.341123,-1.177735
370,3.700000,,,,,,,,,,,,,,
371,3.710000,,,,,,,,,,,,,,
372,3.720000,,,,,,,,,,,,,,
373,3.730000,0.329090,0.515757,0.153919,-0.775889,1.711040,-0.346305,-1.177667,,,,,,,
374,3.740000,,,,,,,,,,,,,,
375,3.750000,,,,,,,,-0.052542,-0.106887,-0.119428,-0.985673,1.712897,-0.349185,-1.179013
376,3.760000,0.332490,0.533404,0.149957,-0.763180,1.715457,-0.350602,-1.176389,,,,,,,
377,3.770000,,,,,,,,,,,,,,
378,3.780000,0.336205,0.514349,0.158470,-0.772851,1.719132,-0.354476,-1.177426,,,,,,,
379,3.790000,0.337667,0.515101,0.159108,-0.771581,1.720590,-0.355933,-1.177135,,,,,,,
380,3.800000,,,,,,,,,,,,,,
381,3.810000,,,,,,,,,,,,,,
382,3.820000,,,,,,,,,,,,,,
383,3.830000,0.340574,0.514652,0.159031,-0.770618,1.727232,-0.360935,-1.176743,,,,,,,
384,3.840000,0.342835,0.532520,0.153240,-0.758554,1.728373,-0.361642,-1.175255,,,,,,,
385,3.850000,0.341521,0.533846,0.151852,-0.758493,1.730079,-0.362911,-1.175008,,,,,,,
386,3.860000,,,,,,,,-0.030641,-0.068563,-0.108732,-0.991230,1.732076,-0.364930,-1.175216
387,3.870000,,,,,,,,-0.035165,-0.063274,-0.107508,-0.991565,1.733598,-0.366255,-1.174952
388,3.880000,,,,,,,,,,,,,,
389,3.890000,,,,,,,,,,,,,,
390,3.900000,,,,,,,,-0.038704,-0.061619,-0.107674,-0.991520,1.738399,-0.370745,-1.173893
391,3.910000,,,,,,,,,,,,,,
392,3.920000,0.346085,0.531485,0.146417,-0.759152,1.741781,-0.373331,-1.173644,,,,,,,
393,3.930000,,,,,,,,,,,,,,
394,3.940000,,,,,,,,,,,,,,
395,3.950000,,,,,,,,,,,,,,
396,3.960000,,,,,,,,,,,,,,
397,3.970000,,,,,,,,,,,,,,
398,3.980000,,,,,,,,,,,,,,
399,3.990000,,,,,,,,,,,,,,
400,4.000000,,,,,,,,,,,,,,
401,4.010000,,,,,,,,,,,,,,
402,4.020000,,,,,,,,,,,,,,
403,4.030000,,,,,,,,,,,,,,
404,4.040000,,,,,,,,,,,,,,
405,4.050000,,,,,,,,,,,,,,
406,4.060000,,,,,,,,-0.023466,-0.064989,-0.105616,-0.992004,1.760767,-0.396095,-1.170690
407,4.070000,,,,,,,,-0.026976,-0.060577,-0.106823,-0.992064,1.761886,-0.397642,-1.170108
408,4.080000,,,,,,,,,,,,,,
409,4.090000,,,,,,,,,,,,,,
410,4.100000,,,,,,,,,,,,,,
411,4.110000,,,,,,,,,,,,,,
412,4.120000,,,,,,,,,,,,,,
413,4.130000,0.354940,0.538240,0.133048,-0.752738,1.768872,-0.404363,-1.169417,,,,,,,
414,4.140000,0.354510,0.539258,0.134115,-0.752022,1.769906,-0.405590,-1.169163,,,,,,,
415,4.150000,0.354710,0.540318,0.132845,-0.751392,1.770856,-0.406865,-1.168943,,,,,,,
416,4.160000,0.352650,0.542556,0.131113,-0.751052,1.771869,-0.408177,-1.168853,,,,,,,
417,4.170000,0.352253,0.529249,0.139150,-0.759244,1.773360,-0.410428,-1.169258,,,,,,,
418,4.180000,0.353490,0.544156,0.132146,-0.749317,1.773708,-0.410916,-1.168484,,,,,,,
419,4.190000,,,,,,,,,,,,,,
420,4.200000,,,,,,,,,,,,,,
421,4.210000,,,,,,,,,,,,,,
422,4.220000,,,,,,,,,,,,,,
423,4.230000,,,,,,,,,,,,,,
424,4.240000,0.355827,0.525928,0.140928,-0.759557,1.778131,-0.420235,-1.168354,,,,,,,
425,4.250000,,,,,,,,,,,,,,
426,4.260000,,,,,,,,,,,,,,
427,4.270000,,,,,,,,,,,,,,
428,4.280000,,,,,,,,,,,,,,
429,4.290000,,,,,,,,,,,,,,
430,4.300000,,,,,,,,,,,,,,
431,4.310000,,,,,,,,,,,,,,
432,4.320000,,,,,,,,,,,,,,
433,4.330000,0.365122,0.533612,0.128069,-0.752026,1.780246,-0.432384,-1.169186,,,,,,,
434,4.340000,,,,,,,,,,,,,,
435,4.350000,,,,,,,,,,,,,,
436,4.360000,0.363970,0.531468,0.133484,-0.753160,1.780958,-0.436580,-1.168941,,,,,,,
437,4.370000,,,,,,,,,,,,,,
438,4.380000,0.369265,0.531711,0.130474,-0.750935,1.781762,-0.438952,-1.169391,,,,,,,
439,4.390000,0.366833,0.529055,0.134298,-0.753325,1.782278,-0.440377,-1.169384,,,,,,,
440,4.400000,,,,,,,,-0.016055,-0.069753,-0.101147,-0.992293,1.782427,-0.442137,-1.168999
441,4.410000,0.368060,0.534530,0.128813,-0.749811,1.782996,-0.442217,-1.169484,,,,,,,
442,4.420000,0.369038,0.534227,0.128143,-0.749661,1.783539,-0.443195,-1.169614,,,,,,,
443,4.430000,0.369782,0.533193,0.128255,-0.750011,1.784028,-0.444218,-1.169679,,,,,,,
444,4.440000,,,,,,,,,,,,,,
445,4.450000,,,,,,,,,,,,,,
446,4.460000,,,,,,,,,,,,,,
447,4.470000,,,,,,,,-0.014249,-0.075828,-0.099395,-0.992052,1.786665,-0.448316,-1.169006
448,4.480000,,,,,,,,-0.014687,-0.072472,-0.100980,-0.992137,1.786916,-0.449221,-1.169062
449,4.490000,,,,,,,,,,,,,,
450,4.500000,,,,,,,,,,,,,,
451,4.510000,0.367752,0.530794,0.129708,-0.752457,1.789378,-0.450583,-1.169433,,,,,,,
452,4.520000,0.366577,0.531320,0.128643,-0.752842,1.790100,-0.451347,-1.169348,,,,,,,
453,4.530000,0.368249,0.531670,0.128367,-0.751825,1.790771,-0.451928,-1.169509,,,,,,,
454,4.540000,0.368845,0.531074,0.129214,-0.751809,1.791476,-0.452530,-1.169521,,,,,,,
455,4.550000,0.370012,0.531152,0.128106,-0.751370,1.792287,-0.453209,-1.169556,,,,,,,
456,4.560000,0.370389,0.532184,0.126726,-0.750688,1.792898,-0.453670,-1.169437,,,,,,,
457,4.570000,0.366636,0.534261,0.131959,-0.750154,1.793339,-0.454593,-1.168972,,,,,,,
458,4.580000,0.364144,0.536611,0.130036,-0.750026,1.794164,-0.454933,-1.169136,,,,,,,
459,4.590000,,,,,,,,,,,,,,
460,4.600000,,,,,,,,,,,,,,
461,4.610000,,,,,,,,-0.005567,-0.067889,-0.107823,-0.991834,1.796120,-0.456315,-1.169632
462,4.620000,0.366824,0.547555,0.124040,-0.741780,1.796520,-0.455639,-1.169537,,,,,,,
463,4.630000,0.366330,0.546067,0.125308,-0.742908,1.797003,-0.456147,-1.169815,,,,,,,
464,4.640000,0.365984,0.546691,0.125229,-0.742632,1.797582,-0.456349,-1.169905,,,,,,,
465,4.650000,,,,,,,,-0.021663,-0.072454,-0.103631,-0.991737,1.799013,-0.457714,-1.169178
466,4.660000,,,,,,,,-0.022049,-0.072664,-0.104586,-0.991613,1.799531,-0.457901,-1.169261
467,4.670000,,,,,,,,-0.023167,-0.072158,-0.106130,-0.991460,1.799982,-0.458138,-1.169240
468,4.680000,0.359029,0.537748,0.131771,-0.751373,1.800102,-0.457725,-1.169622,,,,,,,
469,4.690000,0.363280,0.534382,0.125852,-0.752745,1.800931,-0.457434,-1.170463,,,,,,,
470,4.700000,0.361176,0.535231,0.125646,-0.753189,1.801491,-0.457579,-1.170605,,,,,,,
471,4.710000,0.360683,0.534958,0.125148,-0.753701,1.801921,-0.457718,-1.170678,,,,,,,
472,4.720000,0.362148,0.535361,0.125112,-0.752718,1.802453,-0.457860,-1.170816,,,,,,,
473,4.730000,0.361916,0.535083,0.124922,-0.753059,1.802764,-0.457973,-1.170905,,,,,,,
474,4.740000,0.360916,0.534422,0.124359,-0.754101,1.803098,-0.458119,-1.170953,,,,,,,
475,4.750000,,,,,,,,-0.023217,-0.075873,-0.109654,-0.990798,1.803528,-0.459180,-1.170247
476,4.760000,0.360112,0.533740,0.123798,-0.755060,1.803661,-0.458432,-1.171071,,,,,,,
477,4.770000,,,,,,,,-0.023500,-0.076583,-0.110410,-0.990653,1.804109,-0.459486,-1.170236
478,4.780000,0.359239,0.533344,0.123555,-0.755795,1.804196,-0.458843,-1.171037,,,,,,,
479,4.790000,,,,,,,,,,,,,,
480,4.800000,,,,,,,,,,,,,,
481,4.810000,,,,,,,,,,,,,,
482,4.820000,,,,,,,,,,,,,,
483,4.830000,,,,,,,,,,,,,,
484,4.840000,,,,,,,,,,,,,,
485,4.850000,,,,,,,,,,,,,,
486,4.860000,,,,,,,,,,,,,,
487,4.870000,,,,,,,,,,,,,,
488,4.880000,,,,,,,,,,,,,,
489,4.890000,,,,,,,,,,,,,,
490,4.900000,0.359130,0.530730,0.124393,-0.757547,1.806297,-0.462029,-1.168234,,,,,,,
491,4.910000,0.359350,0.530819,0.124246,-0.757405,1.806395,-0.462238,-1.167910,,,,,,,
492,4.920000,0.359717,0.531383,0.124538,-0.756787,1.806471,-0.462477,-1.167506,,,,,,,
493,4.930000,0.358500,0.530297,0.122965,-0.758382,1.806451,-0.462671,-1.167016,,,,,,,
494,4.940000,0.358637,0.529819,0.123347,-0.758589,1.806463,-0.462857,-1.166609,,,,,,,
495,4.950000,0.358959,0.530035,0.123715,-0.758225,1.806451,-0.463055,-1.166225,,,,,,,
496,4.960000,0.358081,0.531257,0.123846,-0.757764,1.806401,-0.463273,-1.165673,,,,,,,
497,4.970000,0.358910,0.531614,0.123386,-0.757196,1.806282,-0.463665,-1.165030,,,,,,,
498,4.980000,,,,,,,,-0.022539,-0.073343,-0.112171,-0.990722,1.806099,-0.464833,-1.163790
499,4.990000,0.357528,0.545606,0.122763,-0.747942,1.805579,-0.464024,-1.163439,,,,,,,
500,5.000000,,,,,,,,-0.023403,-0.072257,-0.113331,-0.990650,1.805884,-0.465462,-1.162546
501,5.010000,,,,,,,,,,,,,,
502,5.020000,,,,,,,,-0.013791,-0.106487,-0.131947,-0.985424,1.804095,-0.465251,-1.163282
503,5.030000,,,,,,,,-0.013021,-0.105416,-0.132013,-0.985541,1.803990,-0.465512,-1.162428
504,5.040000,,,,,,,,-0.013684,-0.105667,-0.130910,-0.985652,1.803934,-0.465868,-1.161623
505,5.050000,,,,,,,,-0.013136,-0.112079,-0.133015,-0.984669,1.803887,-0.465816,-1.161017
506,5.060000,,,,,,,,-0.023670,-0.113032,-0.128821,-0.984921,1.804068,-0.466874,-1.159537
507,5.070000,,,,,,,,-0.021438,-0.110577,-0.127037,-0.985482,1.804175,-0.467269,-1.158321
508,5.080000,,,,,,,,-0.021458,-0.111544,-0.125049,-0.985627,1.804013,-0.467614,-1.157241
509,5.090000,,,,,,,,-0.015699,-0.103034,-0.120040,-0.987283,1.804378,-0.468226,-1.155674
510,5.100000,,,,,,,,-0.006331,-0.098883,-0.124768,-0.987226,1.803994,-0.468211,-1.155008
511,5.110000,,,,,,,,-0.006546,-0.099799,-0.123732,-0.987263,1.804084,-0.468499,-1.153872
512,5.120000,,,,,,,,-0.005219,-0.096586,-0.122184,-0.987783,1.804052,-0.468983,-1.152740
513,5.130000,,,,,,,,-0.005879,-0.099634,-0.125508,-0.987059,1.803718,-0.469219,-1.151464
514,5.140000,,,,,,,,-0.005701,-0.099958,-0.123670,-0.987260,1.803754,-0.469741,-1.150087
515,5.150000,,,,,,,,-0.004252,-0.096467,-0.125926,-0.987329,1.803348,-0.470264,-1.148786
516,5.160000,,,,,,,,-0.011775,-0.100809,-0.119829,-0.987593,1.803947,-0.471092,-1.146824
517,5.170000,,,,,,,,-0.011539,-0.103201,-0.121524,-0.987141,1.803797,-0.471409,-1.145555
518,5.180000,,,,,,,,-0.002432,-0.104823,-0.126907,-0.986357,1.803239,-0.471223,-1.144803
519,5.190000,,,,,,,,-0.003166,-0.108622,-0.131721,-0.985313,1.802917,-0.471381,-1.143450
520,5.200000,,,,,,,,-0.006500,-0.102084,-0.132355,-0.985910,1.802439,-0.472093,-1.141900
521,5.210000,,,,,,,,-0.002161,-0.100127,-0.129054,-0.986567,1.802294,-0.472605,-1.140205
522,5.220000,,,,,,,,-0.001371,-0.099905,-0.129498,-0.986533,1.802070,-0.473019,-1.138816
523,5.230000,,,,,,,,-0.005895,-0.102443,-0.124618,-0.986885,1.802445,-0.473697,-1.137008
524,5.240000,,,,,,,,-0.003039,-0.101632,-0.131630,-0.986071,1.801501,-0.473979,-1.135657
525,5.250000,,,,,,,,0.000848,-0.092559,-0.116051,-0.988921,1.802582,-0.474903,-1.133601
526,5.260000,,,,,,,,0.003209,-0.092071,-0.119345,-0.988569,1.802165,-0.475192,-1.131994
527,5.270000,,,,,,,,0.005127,-0.094864,-0.122429,-0.987920,1.801742,-0.475401,-1.130749
528,5.280000,,,,,,,,0.008114,-0.089485,-0.120157,-0.988680,1.801547,-0.475922,-1.129012
529,5.290000,,,,,,,,-0.000091,-0.095191,-0.119608,-0.988247,1.801233,-0.476731,-1.127130
530,5.300000,,,,,,,,0.001439,-0.096737,-0.118683,-0.988208,1.800917,-0.477095,-1.125540
531,5.310000,,,,,,,,0.002581,-0.099450,-0.120625,-0.987701,1.800572,-0.477552,-1.124122
532,5.320000,,,,,,,,0.010357,-0.094118,-0.120184,-0.988226,1.800632,-0.477760,-1.122477
533,5.330000,,,,,,,,0.006184,-0.095288,-0.119261,-0.988260,1.800182,-0.478485,-1.120728
534,5.340000,,,,,,,,0.004323,-0.101023,-0.120042,-0.987606,1.799882,-0.478841,-1.119285
535,5.350000,,,,,,,,0.003652,-0.094024,-0.119157,-0.988407,1.799579,-0.479519,-1.117230
536,5.360000,,,,,,,,0.004546,-0.093156,-0.118822,-0.988525,1.799291,-0.480014,-1.115620
537,5.370000,,,,,,,,0.004527,-0.092870,-0.118272,-0.988618,1.799002,-0.480474,-1.113987
538,5.380000,,,,,,,,0.018945,-0.077891,-0.118033,-0.989769,1.798412,-0.480740,-1.112075
539,5.390000,,,,,,,,0.019647,-0.071775,-0.113967,-0.990694,1.798239,-0.481597,-1.110177
540,5.400000,,,,,,,,0.014038,-0.080496,-0.106489,-0.990951,1.798545,-0.482090,-1.108332
541,5.410000,,,,,,,,0.013385,-0.084001,-0.110374,-0.990244,1.798063,-0.482476,-1.106790
542,5.420000,,,,,,,,0.015013,-0.082261,-0.110962,-0.990301,1.797612,-0.483125,-1.105265
543,5.430000,,,,,,,,0.018823,-0.080754,-0.113486,-0.990073,1.797037,-0.483237,-1.103453
544,5.440000,,,,,,,,0.021087,-0.079384,-0.117190,-0.989707,1.796502,-0.483609,-1.101929
545,5.450000,,,,,,,,0.015321,-0.083958,-0.109821,-0.990281,1.796603,-0.484382,-1.099965
546,5.460000,,,,,,,,0.017463,-0.081805,-0.105757,-0.990868,1.796266,-0.484792,-1.098136
547,5.470000,,,,,,,,0.014531,-0.086910,-0.109609,-0.990061,1.795503,-0.485176,-1.096656
548,5.480000,,,,,,,,0.016082,-0.085918,-0.108328,-0.990265,1.795150,-0.485621,-1.094859
549,5.490000,,,,,,,,0.017962,-0.085435,-0.108794,-0.990223,1.794818,-0.485907,-1.093325
550,5.500000,,,,,,,,0.019473,-0.084779,-0.107762,-0.990364,1.794546,-0.486336,-1.091584
551,5.510000,,,,,,,,0.020713,-0.091734,-0.090870,-0.991412,1.793264,-0.486306,-1.089100
552,5.520000,,,,,,,,0.025139,-0.071706,-0.097572,-0.992324,1.794145,-0.487516,-1.087347
553,5.530000,,,,,,,,0.025505,-0.074300,-0.099863,-0.991895,1.793653,-0.487783,-1.085770
554,5.540000,,,,,,,,0.025189,-0.075741,-0.100594,-0.991721,1.793206,-0.488063,-1.084061
555,5.550000,,,,,,,,0.026958,-0.072817,-0.100957,-0.991856,1.792815,-0.488507,-1.082336
556,5.560000,,,,,,,,0.028106,-0.074387,-0.101693,-0.991633,1.792464,-0.488959,-1.080455
557,5.570000,,,,,,,,0.033880,-0.071283,-0.104762,-0.991361,1.791901,-0.489026,-1.078812
558,5.580000,,,,,,,,0.029858,-0.071085,-0.101396,-0.991854,1.791824,-0.489787,-1.076719
559,5.590000,,,,,,,,0.028846,-0.075307,-0.100093,-0.991705,1.791075,-0.490014,-1.074868
560,5.600000,,,,,,,,0.027821,-0.078087,-0.103981,-0.991119,1.790420,-0.490293,-1.073377
561,5.610000,,,,,,,,0.032218,-0.072567,-0.099600,-0.991855,1.790339,-0.490784,-1.071316
562,5.620000,,,,,,,,0.031261,-0.073746,-0.098812,-0.991877,1.790041,-0.491186,-1.069288
563,5.630000,,,,,,,,0.030678,-0.075493,-0.100778,-0.991566,1.789487,-0.491559,-1.067472
564,5.640000,,,,,,,,0.032796,-0.075109,-0.099541,-0.991653,1.789172,-0.491960,-1.065450
565,5.650000,,,,,,,,0.040800,-0.070077,-0.098265,-0.991851,1.788580,-0.492040,-1.063613
566,5.660000,,,,,,,,0.041793,-0.063599,-0.090467,-0.992988,1.788684,-0.492976,-1.061327
567,5.670000,,,,,,,,0.042465,-0.065298,-0.092341,-0.992676,1.788216,-0.493172,-1.059437
568,5.680000,,,,,,,,0.043474,-0.058678,-0.088826,-0.993366,1.788054,-0.493851,-1.057389
569,5.690000,,,,,,,,0.049775,-0.057555,-0.093610,-0.992697,1.787482,-0.493971,-1.055493
570,5.700000,,,,,,,,0.042815,-0.063156,-0.090966,-0.992927,1.787166,-0.494346,-1.053591
571,5.710000,,,,,,,,0.044957,-0.061570,-0.084784,-0.993479,1.786626,-0.494773,-1.051260
572,5.720000,,,,,,,,0.046414,-0.061676,-0.089083,-0.993029,1.786453,-0.495112,-1.049414
573,5.730000,,,,,,,,0.045700,-0.063060,-0.089909,-0.992901,1.786046,-0.495298,-1.047649
574,5.740000,,,,,,,,0.048951,-0.059416,-0.088721,-0.993077,1.785696,-0.495703,-1.045553
575,5.750000,,,,,,,,0.047138,-0.064932,-0.079260,-0.993620,1.784555,-0.495603,-1.043591
576,5.760000,,,,,,,,0.048472,-0.062985,-0.077465,-0.993822,1.784319,-0.495820,-1.041457
577,5.770000,,,,,,,,0.051583,-0.059417,-0.075356,-0.994048,1.783975,-0.496200,-1.039416
578,5.780000,,,,,,,,0.048677,-0.058952,-0.086737,-0.993293,1.783783,-0.496867,-1.037627
579,5.790000,,,,,,,,0.048629,-0.060346,-0.087415,-0.993153,1.783329,-0.497105,-1.035839
580,5.800000,,,,,,,,0.052496,-0.058913,-0.076979,-0.993905,1.782550,-0.497285,-1.033745
581,5.810000,,,,,,,,0.054309,-0.056854,-0.074568,-0.994112,1.782064,-0.497544,-1.031804
582,5.820000,,,,,,,,0.054134,-0.056952,-0.074198,-0.994143,1.781631,-0.497759,-1.029695
583,5.830000,,,,,,,,0.054525,-0.050887,-0.084446,-0.993633,1.781648,-0.498550,-1.027985
584,5.840000,,,,,,,,0.061917,-0.046123,-0.069309,-0.994603,1.781088,-0.498719,-1.025746
585,5.850000,,,,,,,,0.063652,-0.043935,-0.068802,-0.994628,1.780721,-0.499005,-1.023898
586,5.860000,,,,,,,,0.082957,0.019402,-0.057800,-0.994686,1.781828,-0.500919,-1.020317
587,5.870000,,,,,,,,,,,,,,
588,5.880000,,,,,,,,0.064587,-0.043777,-0.066489,-0.994732,1.779380,-0.499772,-1.018269
589,5.890000,,,,,,,,0.066073,-0.040710,-0.064310,-0.994908,1.778894,-0.500252,-1.016350
590,5.900000,,,,,,,,0.063410,-0.042747,-0.077148,-0.994083,1.778536,-0.500842,-1.014888
591,5.910000,,,,,,,,0.063981,-0.039880,-0.073835,-0.994417,1.778287,-0.501272,-1.013356
592,5.920000,,,,,,,,0.067675,-0.039730,-0.062837,-0.994934,1.777370,-0.501348,-1.011432
593,5.930000,,,,,,,,,,,,,,
594,5.940000,,,,,,,,,,,,,,
595,5.950000,,,,,,,,,,,,,,
596,5.960000,,,,,,,,,,,,,,
597,5.970000,,,,,,,,,,,,,,
598,5.980000,,,,,,,,,,,,,,
599,5.990000,,,,,,,,,,,,,,
600,6.000000,,,,,,,,,,,,,,
601,6.010000,,,,,,,,,,,,,,
602,6.020000,,,,,,,,0.071550,0.018655,-0.060628,-0.995418,1.773062,-0.504607,-0.993098
603,6.030000,,,,,,,,,,,,,,
604,6.040000,0.440535,0.579759,0.149451,-0.668934,1.773305,-0.505376,-0.991268,,,,,,,
605,6.050000,,,,,,,,0.099292,-0.001063,-0.045299,-0.994026,1.772770,-0.503880,-0.989393
606,6.060000,,,,,,,,,,,,,,
607,6.070000,,,,,,,,,,,,,,
608,6.080000,,,,,,,,,,,,,,
609,6.090000,,,,,,,,0.086647,0.003511,-0.043611,-0.995278,1.770889,-0.505861,-0.983494
610,6.100000,,,,,,,,0.095879,-0.001690,-0.042058,-0.994503,1.771037,-0.505601,-0.982576
611,6.110000,,,,,,,,,,,,,,
612,6.120000,,,,,,,,,,,,,,
613,6.130000,,,,,,,,,,,,,,
614,6.140000,,,,,,,,,,,,,,
615,6.150000,,,,,,,,,,,,,,
616,6.160000,,,,,,,,,,,,,,
617,6.170000,,,,,,,,,,,,,,
618,6.180000,,,,,,,,,,,,,,
619,6.190000,,,,,,,,,,,,,,
620,6.200000,,,,,,,,,,,,,,
621,6.210000,,,,,,,,,,,,,,
622,6.220000,,,,,,,,,,,,,,
623,6.230000,,,,,,,,,,,,,,
624,6.240000,,,,,,,,,,,,,,
625,6.250000,,,,,,,,,,,,,,
626,6.260000,,,,,,,,0.120444,0.010431,-0.023432,-0.992389,1.765905,-0.509140,-0.962940
627,6.270000,,,,,,,,,,,,,,
628,6.280000,,,,,,,,,,,,,,
629,6.290000,,,,,,,,,,,,,,
630,6.300000,,,,,,,,,,,,,,
631,6.310000,,,,,,,,,,,,,,
632,6.320000,,,,,,,,,,,,,,
633,6.330000,,,,,,,,,,,,,,
634,6.340000,,,,,,,,0.113817,0.012777,-0.031986,-0.992905,1.762454,-0.509754,-0.955899
635,6.350000,,,,,,,,,,,,,,
636,6.360000,,,,,,,,,,,,,,
637,6.370000,,,,,,,,,,,,,,
638,6.380000,,,,,,,,0.102925,-0.013111,-0.040391,-0.993782,1.761416,-0.509280,-0.954679
639,6.390000,,,,,,,,0.102413,-0.013252,-0.040587,-0.993825,1.761242,-0.509342,-0.954556
640,6.400000,,,,,,,,,,,,,,
641,6.410000,,,,,,,,,,,,,,
642,6.420000,,,,,,,,,,,,,,
643,6.430000,,,,,,,,,,,,,,
644,6.440000,,,,,,,,,,,,,,
645,6.450000,,,,,,,,,,,,,,
646,6.460000,,,,,,,,,,,,,,
647,6.470000,,,,,,,,,,,,,,
648,6.480000,,,,,,,,,,,,,,
649,6.490000,,,,,,,,,,,,,,
650,6.500000,,,,,,,,,,,,,,
651,6.510000,,,,,,,,,,,,,,
652,6.520000,,,,,,,,,,,,,,
653,6.530000,,,,,,,,-0.763523,-0.633723,-0.072262,-0.101030,1.760318,-0.511147,-0.952290
654,6.540000,,,,,,,,-0.763387,-0.633655,-0.072802,-0.102089,1.760233,-0.511023,-0.952397
655,6.550000,,,,,,,,-0.763383,-0.633646,-0.073585,-0.101610,1.760184,-0.510876,-0.952583
656,6.560000,,,,,,,,-0.764513,-0.633215,-0.067770,-0.099833,1.760400,-0.510621,-0.953163
657,6.570000,,,,,,,,-0.764694,-0.632870,-0.067397,-0.100881,1.760348,-0.510453,-0.953289
658,6.580000,,,,,,,,-0.764585,-0.633003,-0.067906,-0.100526,1.760159,-0.510329,-0.953415
659,6.590000,,,,,,,,-0.765365,-0.632066,-0.067301,-0.100896,1.760100,-0.510128,-0.953503
660,6.600000,,,,,,,,-0.765316,-0.632140,-0.067490,-0.100676,1.759988,-0.509966,-0.953626
661,6.610000,,,,,,,,-0.765134,-0.632059,-0.063904,-0.104825,1.760013,-0.509649,-0.953835
662,6.620000,,,,,,,,-0.765352,-0.631696,-0.064749,-0.104899,1.759905,-0.509507,-0.953918
663,6.630000,,,,,,,,-0.765899,-0.631036,-0.068869,-0.102219,1.759696,-0.509450,-0.953915
664,6.640000,,,,,,,,-0.766032,-0.630879,-0.065296,-0.104507,1.759676,-0.509117,-0.954146
665,6.650000,,,,,,,,-0.766326,-0.630362,-0.065255,-0.105501,1.759574,-0.508936,-0.954230
666,6.660000,,,,,,,,-0.763934,-0.634430,-0.069479,-0.095267,1.758888,-0.508464,-0.954116
667,6.670000,,,,,,,,-0.764554,-0.632384,-0.070125,-0.103106,1.759107,-0.508301,-0.954166
668,6.680000,,,,,,,,0.121062,0.015254,-0.024229,-0.992232,1.760347,-0.506076,-0.953832
669,6.690000,,,,,,,,0.120669,0.014874,-0.023625,-0.992300,1.760179,-0.505735,-0.953927
670,6.700000,,,,,,,,0.120970,0.015648,-0.023443,-0.992256,1.760005,-0.505479,-0.953961
671,6.710000,,,,,,,,0.121999,0.012348,-0.022898,-0.992189,1.759297,-0.505897,-0.954654
672,6.720000,,,,,,,,0.126703,0.011937,-0.022573,-0.991612,1.758648,-0.506018,-0.954990
673,6.730000,,,,,,,,,,,,,,
674,6.740000,,,,,,,,,,,,,,
675,6.750000,,,,,,,,,,,,,,
676,6.760000,,,,,,,,,,,,,,
677,6.770000,,,,,,,,0.126492,0.006126,-0.018156,-0.991783,1.757227,-0.504377,-0.955329
678,6.780000,,,,,,,,,,,,,,
679,6.790000,,,,,,,,0.095707,-0.025122,-0.041402,-0.994231,1.755069,-0.501847,-0.955579
680,6.800000,,,,,,,,0.097199,-0.023969,-0.042774,-0.994056,1.754758,-0.501206,-0.955410
681,6.810000,,,,,,,,0.140473,0.036937,-0.043433,-0.988441,1.755930,-0.499630,-0.955071
682,6.820000,,,,,,,,,,,,,,
683,6.830000,,,,,,,,,,,,,,
684,6.840000,,,,,,,,0.761508,0.636662,0.065896,0.102103,1.754673,-0.499636,-0.954486
685,6.850000,,,,,,,,,,,,,,
686,6.860000,,,,,,,,,,,,,,
687,6.870000,,,,,,,,0.757882,0.640547,0.067265,0.103869,1.753075,-0.496905,-0.953998
688,6.880000,,,,,,,,0.758350,0.639713,0.070570,0.103399,1.752414,-0.496376,-0.953782
689,6.890000,,,,,,,,-0.112361,-0.016458,0.036257,0.992869,1.753483,-0.492757,-0.952577
690,6.900000,,,,,,,,,,,,,,
691,6.910000,,,,,,,,-0.752889,-0.651589,-0.065777,-0.065296,1.749272,-0.493175,-0.953912
692,6.920000,,,,,,,,-0.758213,-0.641989,-0.058965,-0.097399,1.750355,-0.492774,-0.954244
693,6.930000,,,,,,,,,,,,,,
694,6.940000,,,,,,,,,,,,,,
695,6.950000,,,,,,,,-0.757765,-0.641852,-0.055909,-0.103401,1.748188,-0.489956,-0.954290
696,6.960000,,,,,,,,0.120222,0.011466,-0.033429,-0.992118,1.748853,-0.487385,-0.953112
697,6.970000,,,,,,,,-0.755196,-0.644112,-0.063672,-0.103657,1.745986,-0.488413,-0.954005
698,6.980000,,,,,,,,-0.755814,-0.644194,-0.059817,-0.100904,1.745181,-0.487321,-0.954172
699,6.990000,,,,,,,,,,,,,,
700,7.000000,,,,,,,,,,,,,,
701,7.010000,,,,,,,,,,,,,,
702,7.020000,,,,,,,,-0.755822,-0.644902,-0.055774,-0.098614,1.742335,-0.482504,-0.954622
703,7.030000,,,,,,,,0.116063,0.009829,-0.043671,-0.992233,1.741975,-0.479303,-0.953018
704,7.040000,,,,,,,,0.137146,-0.004200,-0.032445,-0.990010,1.739828,-0.480802,-0.955175
705,7.050000,,,,,,,,,,,,,,
706,7.060000,,,,,,,,0.137978,-0.009213,-0.031531,-0.989890,1.737440,-0.478865,-0.955556
707,7.070000,,,,,,,,0.133781,0.015425,-0.037132,-0.990195,1.737848,-0.475241,-0.954092
708,7.080000,,,,,,,,0.118212,0.022597,-0.028905,-0.992310,1.736048,-0.475707,-0.956023
709,7.090000,,,,,,,,0.115619,0.018862,-0.036377,-0.992448,1.734070,-0.474293,-0.956052
710,7.100000,,,,,,,,0.120091,0.012946,-0.047338,-0.991549,1.733217,-0.473272,-0.956516
711,7.110000,,,,,,,,0.117069,0.015279,-0.048441,-0.991824,1.732688,-0.470922,-0.955470
712,7.120000,,,,,,,,-0.754989,-0.645729,-0.056597,-0.099105,1.729722,-0.470754,-0.955626
713,7.130000,,,,,,,,-0.753877,-0.646740,-0.062433,-0.097461,1.728328,-0.469633,-0.955461
714,7.140000,,,,,,,,-0.753368,-0.647372,-0.051584,-0.103366,1.727082,-0.467763,-0.956225
715,7.150000,,,,,,,,,,,,,,
716,7.160000,,,,,,,,0.138936,-0.009173,-0.035600,-0.989619,1.723922,-0.465349,-0.957216
717,7.170000,,,,,,,,0.138143,-0.003352,-0.032521,-0.989873,1.722714,-0.463844,-0.957108
718,7.180000,,,,,,,,0.134322,-0.010321,-0.034187,-0.990294,1.720993,-0.462179,-0.957485
719,7.190000,,,,,,,,0.118128,-0.003146,-0.044663,-0.991988,1.719736,-0.459907,-0.957942
720,7.200000,,,,,,,,0.112673,0.006917,-0.047473,-0.992473,1.718385,-0.458350,-0.957935
721,7.210000,,,,,,,,0.125031,-0.009529,-0.035685,-0.991465,1.716300,-0.456938,-0.957918
722,7.220000,,,,,,,,0.126960,-0.007998,-0.031623,-0.991371,1.714848,-0.455340,-0.958134
723,7.230000,,,,,,,,0.115990,0.004264,-0.043556,-0.992286,1.713044,-0.452596,-0.958047
724,7.240000,,,,,,,,,,,,,,
725,7.250000,,,,,,,,0.126038,-0.012065,-0.036154,-0.991293,1.709183,-0.449582,-0.959011
726,7.260000,,,,,,,,0.126058,-0.003957,-0.036197,-0.991354,1.707726,-0.447380,-0.959116
727,7.270000,,,,,,,,,,,,,,
728,7.280000,,,,,,,,0.123130,-0.014030,-0.037769,-0.991572,1.703527,-0.443807,-0.960023
729,7.290000,,,,,,,,0.122552,-0.015106,-0.039895,-0.991545,1.701616,-0.441961,-0.960546
730,7.300000,,,,,,,,0.123322,-0.012818,-0.039303,-0.991505,1.699822,-0.440173,-0.960782
731,7.310000,,,,,,,,,,,,,,
732,7.320000,,,,,,,,0.117655,-0.006562,-0.039296,-0.992255,1.695768,-0.436404,-0.961234
733,7.330000,,,,,,,,0.128804,-0.018938,-0.034647,-0.990884,1.693513,-0.434553,-0.961498
734,7.340000,,,,,,,,,,,,,,
735,7.350000,,,,,,,,0.129511,-0.021842,-0.036257,-0.990674,1.689197,-0.430638,-0.961536
736,7.360000,,,,,,,,0.125043,-0.019783,-0.038355,-0.991212,1.687469,-0.428212,-0.962033
737,7.370000,,,,,,,,0.126406,-0.006590,-0.039290,-0.991178,1.685766,-0.425876,-0.961472
738,7.380000,,,,,,,,0.112319,-0.017023,-0.050409,-0.992247,1.682562,-0.423313,-0.960789
739,7.390000,,,,,,,,0.127253,-0.007355,-0.038703,-0.991088,1.681404,-0.421679,-0.961770
740,7.400000,,,,,,,,0.123232,-0.007982,-0.046333,-0.991264,1.679765,-0.419270,-0.961899
741,7.410000,,,,,,,,0.118977,-0.016262,-0.051667,-0.991418,1.677372,-0.417060,-0.962352
742,7.420000,,,,,,,,0.125589,-0.009791,-0.045976,-0.990968,1.675370,-0.415152,-0.962247
743,7.430000,,,,,,,,0.126900,-0.005781,-0.046371,-0.990814,1.673445,-0.413145,-0.962503
744,7.440000,,,,,,,,0.124718,0.007032,-0.048601,-0.990976,1.672207,-0.410864,-0.962061
745,7.450000,,,,,,,,0.115703,-0.011701,-0.052265,-0.991839,1.669639,-0.408582,-0.962810
746,7.460000,,,,,,,,0.119044,-0.008947,-0.053535,-0.991404,1.667879,-0.406829,-0.963240
747,7.470000,,,,,,,,0.124085,-0.000283,-0.049953,-0.991013,1.665669,-0.404894,-0.963024
748,7.480000,,,,,,,,0.116160,-0.005295,-0.055774,-0.991649,1.663316,-0.402574,-0.963131
749,7.490000,,,,,,,,0.122047,-0.004503,-0.051153,-0.991195,1.661555,-0.400925,-0.963266
750,7.500000,,,,,,,,0.117559,-0.015305,-0.039584,-0.992159,1.659461,-0.399001,-0.963754
751,7.510000,,,,,,,,0.116280,-0.009533,-0.047862,-0.992017,1.656977,-0.395998,-0.963033
752,7.520000,,,,,,,,0.116297,-0.001831,-0.031486,-0.992714,1.654588,-0.393757,-0.963737
753,7.530000,,,,,,,,0.118128,-0.003101,-0.036413,-0.992326,1.652924,-0.392242,-0.963746
754,7.540000,0.455763,0.575814,0.154447,-0.660957,1.650491,-0.389201,-0.963228,,,,,,,
755,7.550000,,,,,,,,0.127010,-0.029131,-0.039054,-0.990704,1.648305,-0.389471,-0.963956
756,7.560000,,,,,,,,0.118861,-0.027622,-0.042522,-0.991615,1.646766,-0.387120,-0.964492
757,7.570000,,,,,,,,0.114521,-0.014760,-0.050819,-0.992010,1.645238,-0.385796,-0.964985
758,7.580000,,,,,,,,0.116004,-0.020356,-0.052468,-0.991653,1.642610,-0.383750,-0.964683
759,7.590000,,,,,,,,0.120348,-0.017478,-0.048938,-0.991371,1.640693,-0.382112,-0.964782
760,7.600000,,,,,,,,0.122511,-0.004453,-0.058314,-0.990743,1.638675,-0.379941,-0.964647
761,7.610000,,,,,,,,0.110061,-0.013896,-0.067996,-0.991499,1.636277,-0.377259,-0.964891
762,7.620000,,,,,,,,0.111180,-0.015479,-0.060027,-0.991865,1.634604,-0.376200,-0.965280
763,7.630000,,,,,,,,0.112817,-0.012458,-0.056811,-0.991912,1.632740,-0.374456,-0.965598
764,7.640000,,,,,,,,0.122104,-0.003228,-0.057745,-0.990831,1.630771,-0.372197,-0.965023
765,7.650000,,,,,,,,0.113118,-0.009771,-0.059595,-0.991745,1.628715,-0.370735,-0.965218
766,7.660000,,,,,,,,0.114602,-0.013394,-0.058386,-0.991604,1.626932,-0.369034,-0.965703
767,7.670000,,,,,,,,0.109407,-0.015297,-0.062161,-0.991934,1.624983,-0.367114,-0.965858
768,7.680000,,,,,,,,,,,,,,
769,7.690000,,,,,,,,0.110655,-0.015703,-0.063098,-0.991730,1.621198,-0.363459,-0.966164
770,7.700000,,,,,,,,0.114209,-0.013035,-0.060009,-0.991557,1.619437,-0.361948,-0.966245
771,7.710000,,,,,,,,0.118762,-0.012630,-0.056735,-0.991220,1.617706,-0.360664,-0.966566
772,7.720000,,,,,,,,0.105645,-0.012585,-0.068729,-0.991946,1.615327,-0.358407,-0.966187
773,7.730000,,,,,,,,0.108296,-0.013063,-0.068267,-0.991686,1.613631,-0.356986,-0.966478
774,7.740000,,,,,,,,0.112208,-0.016891,-0.065972,-0.991349,1.611906,-0.355646,-0.967098
775,7.750000,,,,,,,,0.113509,-0.013901,-0.063738,-0.991393,1.610158,-0.354340,-0.967094
776,7.760000,,,,,,,,0.109133,-0.007879,-0.073717,-0.991259,1.607800,-0.352071,-0.966483
777,7.770000,,,,,,,,0.108765,-0.013196,-0.069020,-0.991581,1.606159,-0.351534,-0.967168
778,7.780000,,,,,,,,0.107359,-0.008228,-0.065876,-0.992001,1.604353,-0.350432,-0.967323
779,7.790000,,,,,,,,0.110514,-0.007442,-0.063650,-0.991807,1.602649,-0.349359,-0.967405
780,7.800000,,,,,,,,0.103185,-0.014177,-0.073616,-0.991833,1.600332,-0.347483,-0.967385
781,7.810000,,,,,,,,0.108323,-0.006722,-0.067555,-0.991795,1.598436,-0.347139,-0.967259
782,7.820000,,,,,,,,0.108663,-0.010317,-0.066272,-0.991814,1.596710,-0.345981,-0.967504
783,7.830000,,,,,,,,0.113520,-0.003211,-0.062290,-0.991576,1.594807,-0.345368,-0.967459
784,7.840000,,,,,,,,0.103026,-0.016794,-0.073346,-0.991829,1.592542,-0.343302,-0.967809
785,7.850000,,,,,,,,0.103672,-0.014836,-0.069573,-0.992064,1.590761,-0.342415,-0.967862
786,7.860000,,,,,,,,0.101868,-0.010201,-0.066444,-0.992524,1.589050,-0.341592,-0.968079
787,7.870000,,,,,,,,0.101687,-0.009434,-0.064721,-0.992664,1.587384,-0.340893,-0.968082
788,7.880000,,,,,,,,0.096951,-0.019035,-0.067154,-0.992839,1.585390,-0.339789,-0.968344
789,7.890000,,,,,,,,0.100728,-0.013942,-0.068402,-0.992462,1.583646,-0.338705,-0.968145
790,7.900000,,,,,,,,0.103727,-0.014073,-0.066003,-0.992314,1.581819,-0.338251,-0.968382
791,7.910000,,,,,,,,0.105804,-0.013531,-0.064276,-0.992215,1.580083,-0.337728,-0.968615
792,7.920000,,,,,,,,0.106617,-0.012878,-0.064276,-0.992137,1.578460,-0.337243,-0.968862
793,7.930000,,,,,,,,0.099917,-0.025981,-0.064665,-0.992552,1.576124,-0.336542,-0.969429
794,7.940000,,,,,,,,0.103620,-0.018174,-0.066769,-0.992207,1.574616,-0.335970,-0.969270
795,7.950000,,,,,,,,0.090965,-0.002546,-0.071050,-0.993313,1.572939,-0.336032,-0.969323
796,7.960000,,,,,,,,0.100533,-0.015290,-0.065461,-0.992660,1.571348,-0.335608,-0.969573
797,7.970000,,,,,,,,0.101120,-0.014009,-0.061136,-0.992895,1.569751,-0.335640,-0.970169
798,7.980000,,,,,,,,,,,,,,
799,7.990000,,,,,,,,,,,,,,
800,8.000000,,,,,,,,,,,,,,
801,8.010000,,,,,,,,0.116808,-0.023927,-0.048192,-0.991696,1.562801,-0.335580,-0.970547
802,8.020000,,,,,,,,0.117957,-0.022535,-0.044968,-0.991744,1.561523,-0.336011,-0.970518
803,8.030000,,,,,,,,0.116543,-0.023446,-0.044132,-0.991928,1.560308,-0.336297,-0.970863
804,8.040000,,,,,,,,0.115935,-0.025703,-0.044117,-0.991944,1.558972,-0.336720,-0.971249
805,8.050000,,,,,,,,0.114862,-0.023429,-0.044154,-0.992123,1.557831,-0.337105,-0.971419
806,8.060000,,,,,,,,0.106993,-0.031317,-0.047177,-0.992646,1.556495,-0.337306,-0.971824
807,8.070000,,,,,,,,0.105125,-0.033629,-0.046816,-0.992787,1.555381,-0.337710,-0.972088
808,8.080000,,,,,,,,,,,,,,
809,8.090000,,,,,,,,0.090813,-0.016340,-0.056835,-0.994111,1.554277,-0.339081,-0.972962
810,8.100000,,,,,,,,0.111582,-0.021109,-0.038166,-0.992798,1.552993,-0.338891,-0.971998
811,8.110000,,,,,,,,0.111877,-0.021556,-0.036861,-0.992804,1.552384,-0.339206,-0.972192
812,8.120000,,,,,,,,0.111523,-0.021274,-0.035930,-0.992884,1.551939,-0.339433,-0.972302
813,8.130000,,,,,,,,0.112299,-0.020808,-0.031223,-0.992966,1.551448,-0.339527,-0.972328
814,8.140000,,,,,,,,0.111585,-0.020963,-0.031291,-0.993041,1.551116,-0.339667,-0.972445
815,8.150000,,,,,,,,0.112049,-0.020436,-0.030946,-0.993011,1.550854,-0.339794,-0.972515
816,8.160000,,,,,,,,0.113877,-0.018145,-0.029160,-0.992901,1.550701,-0.339986,-0.972588
817,8.170000,,,,,,,,0.113893,-0.017819,-0.028893,-0.992913,1.550589,-0.339945,-0.972661
818,8.180000,,,,,,,,0.115219,-0.017061,-0.027976,-0.992800,1.550495,-0.339951,-0.972718
819,8.190000,,,,,,,,0.110608,-0.018541,-0.033316,-0.993132,1.550572,-0.339746,-0.972879
820,8.200000,,,,,,,,0.110286,-0.018635,-0.033496,-0.993161,1.550587,-0.339556,-0.973019
821,8.210000,,,,,,,,0.110234,-0.018291,-0.033364,-0.993177,1.550612,-0.339380,-0.973067
822,8.220000,,,,,,,,0.110660,-0.017426,-0.033408,-0.993144,1.550700,-0.339191,-0.973093
823,8.230000,,,,,,,,0.111948,-0.015817,-0.033088,-0.993037,1.550890,-0.338971,-0.973099
824,8.240000,,,,,,,,0.112005,-0.016539,-0.033694,-0.992999,1.551038,-0.338700,-0.973137
825,8.250000,,,,,,,,0.112447,-0.016271,-0.034481,-0.992926,1.551231,-0.338413,-0.973133
826,8.260000,,,,,,,,0.112596,-0.016301,-0.035460,-0.992874,1.551501,-0.338090,-0.973172
827,8.270000,,,,,,,,0.107434,-0.019341,-0.040012,-0.993218,1.551812,-0.337353,-0.973358
828,8.280000,,,,,,,,0.110935,-0.018575,-0.037774,-0.992936,1.552211,-0.337254,-0.973063
829,8.290000,,,,,,,,0.111900,-0.019219,-0.037815,-0.992814,1.552607,-0.337009,-0.973151
830,8.300000,,,,,,,,0.095013,-0.003236,-0.054020,-0.994004,1.553722,-0.336933,-0.973987
831,8.310000,,,,,,,,0.108049,-0.016465,-0.039839,-0.993211,1.553868,-0.336086,-0.973113
832,8.320000,,,,,,,,0.117231,-0.003835,-0.048306,-0.991922,1.554693,-0.334274,-0.972565
833,8.330000,,,,,,,,,,,,,,
834,8.340000,,,,,,,,0.107159,-0.021130,-0.040299,-0.993200,1.556435,-0.335140,-0.972853
835,8.350000,,,,,,,,0.115223,-0.009992,-0.037243,-0.992591,1.557802,-0.334757,-0.972360
836,8.360000,,,,,,,,0.105567,-0.016983,-0.042946,-0.993339,1.558488,-0.333812,-0.972355
837,8.370000,,,,,,,,0.121910,-0.009684,-0.036195,-0.991834,1.559840,-0.334044,-0.971689
838,8.380000,,,,,,,,0.108359,-0.013382,-0.043913,-0.993051,1.561326,-0.332402,-0.971626
839,8.390000,,,,,,,,0.113245,-0.016972,-0.039495,-0.992637,1.562413,-0.331599,-0.971427
840,8.400000,,,,,,,,0.116967,-0.014455,-0.044573,-0.992030,1.564237,-0.331036,-0.970562
841,8.410000,,,,,,,,,,,,,,
842,8.420000,,,,,,,,,,,,,,
843,8.430000,,,,,,,,,,,,,,
844,8.440000,,,,,,,,,,,,,,
845,8.450000,,,,,,,,,,,,,,
846,8.460000,,,,,,,,,,,,,,
847,8.470000,,,,,,,,0.108677,-0.005303,-0.069036,-0.991663,1.578519,-0.323893,-0.967484
848,8.480000,,,,,,,,0.105264,-0.005245,-0.074607,-0.991628,1.580442,-0.322544,-0.966583
849,8.490000,,,,,,,,0.108146,0.003225,-0.075100,-0.991289,1.582883,-0.321591,-0.965636
850,8.500000,,,,,,,,0.119798,0.003022,-0.076165,-0.989868,1.585553,-0.319762,-0.964997
851,8.510000,,,,,,,,0.112644,0.002675,-0.082485,-0.990202,1.587830,-0.317717,-0.963970
852,8.520000,,,,,,,,0.116314,0.000201,-0.081440,-0.989868,1.590143,-0.316604,-0.963324
853,8.530000,,,,,,,,0.117992,0.001538,-0.081924,-0.989628,1.592470,-0.315376,-0.962315
854,8.540000,,,,,,,,0.110104,-0.006719,-0.090420,-0.989776,1.595027,-0.313448,-0.961721
855,8.550000,,,,,,,,0.117662,0.003077,-0.083065,-0.989569,1.597891,-0.312602,-0.960562
856,8.560000,,,,,,,,0.119094,0.002894,-0.083646,-0.989349,1.600639,-0.311220,-0.959666
857,8.570000,,,,,,,,0.119097,0.000806,-0.086009,-0.989150,1.603215,-0.309998,-0.958813
858,8.580000,,,,,,,,0.112551,-0.005204,-0.091841,-0.989379,1.605825,-0.307944,-0.958069
859,8.590000,,,,,,,,0.114394,-0.005044,-0.094493,-0.988918,1.608575,-0.306838,-0.957082
860,8.600000,,,,,,,,0.125416,0.006662,-0.087884,-0.988182,1.611859,-0.305908,-0.955879
861,8.610000,,,,,,,,0.117468,-0.001999,-0.097103,-0.988316,1.614640,-0.303717,-0.955145
862,8.620000,,,,,,,,0.119161,-0.002043,-0.097267,-0.988097,1.617377,-0.302436,-0.954149
863,8.630000,,,,,,,,0.118714,0.003415,-0.100560,-0.987817,1.620345,-0.301176,-0.953207
864,8.640000,,,,,,,,0.108594,-0.011980,-0.108314,-0.988095,1.623277,-0.298867,-0.952592
865,8.650000,,,,,,,,0.116676,0.005842,-0.100506,-0.988054,1.626783,-0.297754,-0.950932
866,8.660000,,,,,,,,0.118667,0.009849,-0.101195,-0.987715,1.629754,-0.296340,-0.949670
867,8.670000,,,,,,,,0.108559,0.002777,-0.110636,-0.987910,1.632755,-0.294073,-0.948927
868,8.680000,,,,,,,,0.110505,0.004660,-0.110053,-0.987753,1.635887,-0.292589,-0.947591
869,8.690000,,,,,,,,0.114597,0.006091,-0.106861,-0.987629,1.639323,-0.290952,-0.946170
870,8.700000,,,,,,,,0.115913,0.003516,-0.109718,-0.987175,1.642490,-0.289117,-0.944945
871,8.710000,,,,,,,,0.121280,0.004883,-0.107844,-0.986730,1.645603,-0.287631,-0.943577
872,8.720000,,,,,,,,0.114163,-0.012775,-0.121991,-0.985861,1.648243,-0.285401,-0.943016
873,8.730000,,,,,,,,0.112620,-0.007959,-0.122772,-0.985992,1.651376,-0.283502,-0.940968
874,8.740000,,,,,,,,0.120678,-0.014506,-0.122844,-0.984955,1.654786,-0.281711,-0.940368
875,8.750000,,,,,,,,0.122939,-0.017299,-0.125550,-0.984289,1.657812,-0.279595,-0.938820
876,8.760000,,,,,,,,0.119949,-0.013691,-0.124929,-0.984793,1.660967,-0.277600,-0.937050
877,8.770000,,,,,,,,,,,,,,
878,8.780000,,,,,,,,,,,,,,
879,8.790000,,,,,,,,0.132135,-0.022555,-0.127632,-0.982722,1.670276,-0.271478,-0.933123
880,8.800000,,,,,,,,0.131188,-0.019973,-0.129309,-0.982685,1.673295,-0.269559,-0.932074
881,8.810000,,,,,,,,0.137312,-0.034543,-0.129808,-0.981378,1.675690,-0.267846,-0.931040
882,8.820000,,,,,,,,0.139533,-0.027589,-0.127100,-0.981639,1.678944,-0.265731,-0.929359
883,8.830000,,,,,,,,0.136735,-0.025198,-0.130082,-0.981706,1.682026,-0.263533,-0.928597
884,8.840000,,,,,,,,,,,,,,
885,8.850000,,,,,,,,0.141011,-0.033857,-0.129988,-0.980853,1.687904,-0.259029,-0.926774
886,8.860000,,,,,,,,0.144837,-0.031604,-0.130578,-0.980292,1.690881,-0.257016,-0.925834
887,8.870000,,,,,,,,0.143622,-0.031639,-0.131109,-0.980399,1.693645,-0.254805,-0.924646
888,8.880000,,,,,,,,0.145756,-0.030903,-0.132963,-0.979858,1.696518,-0.252617,-0.923497
889,8.890000,,,,,,,,0.145436,-0.031832,-0.134740,-0.979633,1.699161,-0.250567,-0.922605
890,8.900000,,,,,,,,,,,,,,
891,8.910000,,,,,,,,,,,,,,
892,8.920000,,,,,,,,0.153906,-0.031684,-0.140549,-0.977525,1.706657,-0.244228,-0.919578
893,8.930000,,,,,,,,0.150744,-0.031645,-0.142708,-0.977706,1.709405,-0.241904,-0.918413
894,8.940000,,,,,,,,0.154917,-0.029375,-0.143415,-0.977021,1.711960,-0.239747,-0.917597
895,8.950000,,,,,,,,0.154915,-0.031221,-0.145006,-0.976729,1.713920,-0.237830,-0.916507
896,8.960000,,,,,,,,0.156655,-0.031151,-0.145178,-0.976428,1.716212,-0.235913,-0.915600
897,8.970000,,,,,,,,0.157102,-0.030004,-0.145840,-0.976294,1.718534,-0.233799,-0.914792
898,8.980000,,,,,,,,0.158005,-0.027391,-0.146767,-0.976086,1.720752,-0.232028,-0.913891
899,8.990000,,,,,,,,0.157909,-0.027470,-0.148780,-0.975794,1.723047,-0.229990,-0.913178
900,9.000000,,,,,,,,0.160566,-0.026390,-0.147770,-0.975544,1.725364,-0.228078,-0.912375
901,9.010000,,,,,,,,0.159457,-0.023670,-0.150955,-0.975308,1.727286,-0.226352,-0.911324
902,9.020000,,,,,,,,,,,,,,
903,9.030000,,,,,,,,0.158344,-0.021055,-0.155926,-0.974767,1.731423,-0.222241,-0.909571
904,9.040000,,,,,,,,0.160419,-0.020164,-0.157599,-0.974178,1.733539,-0.220475,-0.909033
905,9.050000,,,,,,,,,,,,,,
906,9.060000,,,,,,,,0.161927,-0.017537,-0.160443,-0.973514,1.737189,-0.217507,-0.907563
907,9.070000,,,,,,,,0.160967,-0.016182,-0.163366,-0.973211,1.738615,-0.215948,-0.906857
908,9.080000,,,,,,,,0.159874,-0.017717,-0.163007,-0.973425,1.740919,-0.214096,-0.906597
909,9.090000,,,,,,,,0.160434,-0.016442,-0.163376,-0.973293,1.742638,-0.212587,-0.905852
910,9.100000,,,,,,,,0.162176,-0.016071,-0.162332,-0.973185,1.743958,-0.211767,-0.904990
911,9.110000,,,,,,,,0.156092,-0.010248,-0.165028,-0.973805,1.745614,-0.209788,-0.904032
912,9.120000,,,,,,,,0.153248,-0.010048,-0.166637,-0.973985,1.747139,-0.207967,-0.903844
913,9.130000,,,,,,,,0.156934,-0.007880,-0.166373,-0.973463,1.748684,-0.206599,-0.903096
914,9.140000,,,,,,,,0.158097,-0.008021,-0.165345,-0.973449,1.750082,-0.205555,-0.902733
915,9.150000,,,,,,,,0.150996,0.006658,-0.163203,-0.974946,1.751290,-0.204322,-0.901532
916,9.160000,,,,,,,,0.156059,-0.005413,-0.169010,-0.973166,1.752667,-0.202976,-0.901140
917,9.170000,,,,,,,,0.157143,-0.001884,-0.169930,-0.972844,1.753987,-0.201912,-0.900531
918,9.180000,,,,,,,,,,,,,,
919,9.190000,,,,,,,,0.158707,-0.002160,-0.171335,-0.972344,1.756694,-0.199496,-0.900014
920,9.200000,,,,,,,,0.161022,0.001878,-0.169522,-0.972281,1.758082,-0.198541,-0.899572
921,9.210000,,,,,,,,0.162729,0.004489,-0.168362,-0.972190,1.759170,-0.197632,-0.899100
922,9.220000,,,,,,,,0.159980,0.002961,-0.169670,-0.972425,1.760215,-0.196577,-0.898978
923,9.230000,,,,,,,,0.161608,0.007041,-0.168687,-0.972305,1.761350,-0.195749,-0.898848
924,9.240000,,,,,,,,,,,,,,
925,9.250000,,,,,,,,,,,,,,
926,9.260000,,,,,,,,,,,,,,
927,9.270000,,,,,,,,,,,,,,
928,9.280000,,,,,,,,,,,,,,
929,9.290000,,,,,,,,,,,,,,
930,9.300000,,,,,,,,,,,,,,
931,9.310000,,,,,,,,,,,,,,
932,9.320000,,,,,,,,,,,,,,
933,9.330000,,,,,,,,,,,,,,
934,9.340000,,,,,,,,,,,,,,
935,9.350000,,,,,,,,,,,,,,
936,9.360000,,,,,,,,,,,,,,
937,9.370000,,,,,,,,,,,,,,
938,9.380000,,,,,,,,,,,,,,
939,9.390000,,,,,,,,,,,,,,
940,9.400000,,,,,,,,0.188366,0.030242,-0.138280,-0.971845,1.772825,-0.191260,-0.902123
941,9.410000,,,,,,,,,,,,,,
942,9.420000,,,,,,,,,,,,,,
943,9.430000,,,,,,,,,,,,,,
944,9.440000,,,,,,,,,,,,,,
945,9.450000,,,,,,,,,,,,,,
946,9.460000,,,,,,,,,,,,,,
947,9.470000,,,,,,,,,,,,,,
948,9.480000,,,,,,,,,,,,,,
949,9.490000,,,,,,,,,,,,,,
950,9.500000,,,,,,,,,,,,,,
951,9.510000,,,,,,,,,,,,,,
952,9.520000,,,,,,,,,,,,,,
953,9.530000,,,,,,,,,,,,,,
954,9.540000,,,,,,,,,,,,,,
955,9.550000,,,,,,,,,,,,,,
956,9.560000,,,,,,,,,,,,,,
957,9.570000,,,,,,,,,,,,,,
958,9.580000,,,,,,,,,,,,,,
959,9.590000,,,,,,,,,,,,,,
960,9.600000,,,,,,,,,,,,,,
961,9.610000,,,,,,,,0.140780,-0.030829,-0.176177,-0.973752,1.770605,-0.193750,-0.910202
962,9.620000,,,,,,,,0.141579,-0.022895,-0.173347,-0.974362,1.770729,-0.194082,-0.910173
963,9.630000,,,,,,,,,,,,,,
964,9.640000,,,,,,,,,,,,,,
965,9.650000,,,,,,,,,,,,,,
966,9.660000,,,,,,,,,,,,,,
967,9.670000,,,,,,,,,,,,,,
968,9.680000,,,,,,,,,,,,,,
969,9.690000,,,,,,,,,,,,,,
970,9.700000,,,,,,,,,,,,,,
971,9.710000,,,,,,,,,,,,,,
972,9.720000,,,,,,,,,,,,,,
973,9.730000,,,,,,,,,,,,,,
974,9.740000,,,,,,,,,,,,,,
975,9.750000,,,,,,,,,,,,,,
976,9.760000,,,,,,,,,,,,,,
977,9.770000,,,,,,,,,,,,,,
978,9.780000,,,,,,,,,,,,,,
979,9.790000,,,,,,,,,,,,,,
980,9.800000,,,,,,,,,,,,,,
981,9.810000,,,,,,,,,,,,,,
982,9.820000,,,,,,,,,,,,,,
983,9.830000,,,,,,,,,,,,,,
984,9.840000,,,,,,,,,,,,,,
985,9.850000,,,,,,,,0.168494,0.039360,-0.151061,-0.973263,1.766642,-0.200415,-0.909149
986,9.860000,,,,,,,,0.146991,0.016613,-0.167753,-0.974668,1.764893,-0.200061,-0.909234
987,9.870000,,,,,,,,0.143150,0.018657,-0.169516,-0.974897,1.764525,-0.199922,-0.909079
988,9.880000,,,,,,,,0.144649,0.019646,-0.169153,-0.974720,1.764105,-0.200254,-0.909096
989,9.890000,,,,,,,,0.145319,0.020676,-0.169086,-0.974610,1.763701,-0.200596,-0.909113
990,9.900000,,,,,,,,0.177881,0.053811,-0.141650,-0.972316,1.764765,-0.202809,-0.908703
991,9.910000,,,,,,,,0.147220,0.018938,-0.167568,-0.974622,1.762807,-0.201293,-0.909259
992,9.920000,,,,,,,,0.142078,0.020599,-0.170461,-0.974850,1.761739,-0.202095,-0.908945
993,9.930000,,,,,,,,0.143734,0.020065,-0.169253,-0.974829,1.761280,-0.202473,-0.909049
994,9.940000,,,,,,,,0.149632,0.017263,-0.166395,-0.974487,1.760748,-0.202966,-0.909305
995,9.950000,,,,,,,,0.154030,0.014507,-0.164083,-0.974239,1.760249,-0.203614,-0.909567
996,9.960000,,,,,,,,0.146683,0.015818,-0.166402,-0.974959,1.759987,-0.203131,-0.909701
997,9.970000,,,,,,,,0.131123,-0.008134,-0.178376,-0.975153,1.758165,-0.203359,-0.910426
998,9.980000,,,,,,,,0.129861,-0.008706,-0.178492,-0.975295,1.757486,-0.203845,-0.910505
999,9.990000,,,,,,,,0.143757,0.018227,-0.165612,-0.975487,1.758051,-0.204548,-0.909884
1000,10.000000,,,,,,,,0.175274,0.050912,-0.138272,-0.973431,1.758555,-0.207352,-0.909175
1001,10.010000,,,,,,,,0.141901,0.026418,-0.163275,-0.975965,1.756136,-0.206690,-0.909199
1002,10.020000,,,,,,,,0.139575,0.017360,-0.166158,-0.976017,1.755427,-0.206690,-0.909825
1003,10.030000,,,,,,,,0.141896,0.017706,-0.164813,-0.975904,1.754757,-0.207329,-0.910016
1004,10.040000,,,,,,,,0.143972,0.017887,-0.163212,-0.975866,1.754061,-0.208087,-0.910192
1005,10.050000,,,,,,,,0.144580,0.016587,-0.162736,-0.975878,1.753293,-0.209050,-0.910363
1006,10.060000,,,,,,,,0.146492,0.016688,-0.160272,-0.975999,1.752422,-0.209914,-0.910395
1007,10.070000,,,,,,,,0.170583,0.048249,-0.138083,-0.974426,1.752699,-0.212213,-0.909948
1008,10.080000,,,,,,,,0.181869,0.066443,-0.125490,-0.973017,1.752302,-0.213872,-0.909508
1009,10.090000,,,,,,,,0.178313,0.063140,-0.126664,-0.973742,1.751242,-0.214452,-0.909672
1010,10.100000,,,,,,,,0.125373,-0.003994,-0.173176,-0.976870,1.747784,-0.212237,-0.911622
1011,10.110000,,,,,,,,0.122462,-0.008936,-0.174753,-0.976926,1.746575,-0.212997,-0.911840
1012,10.120000,,,,,,,,,,,,,,
1013,10.130000,,,,,,,,0.124608,-0.004020,-0.169187,-0.977667,1.744896,-0.214900,-0.911988
1014,10.140000,,,,,,,,0.122626,-0.004652,-0.169365,-0.977884,1.744013,-0.215608,-0.912240
1015,10.150000,,,,,,,,0.126476,-0.000039,-0.165016,-0.978148,1.743117,-0.216601,-0.912271
1016,10.160000,,,,,,,,0.168967,0.055407,-0.127432,-0.975777,1.744382,-0.219725,-0.911084
1017,10.170000,,,,,,,,0.139768,0.026531,-0.150654,-0.978297,1.742199,-0.218777,-0.911855
1018,10.180000,,,,,,,,0.170583,0.060258,-0.124675,-0.975565,1.742314,-0.221616,-0.911556
1019,10.190000,,,,,,,,0.111150,-0.012666,-0.173688,-0.978426,1.738381,-0.219381,-0.913795
1020,10.200000,,,,,,,,0.118345,-0.004819,-0.165938,-0.978997,1.737739,-0.220619,-0.913839
1021,10.210000,,,,,,,,0.121405,-0.001952,-0.162136,-0.979270,1.736870,-0.221773,-0.914106
1022,10.220000,,,,,,,,0.126217,0.011411,-0.153736,-0.979951,1.736275,-0.223012,-0.914287
1023,10.230000,,,,,,,,0.121840,-0.001120,-0.158821,-0.979760,1.734741,-0.223636,-0.914771
1024,10.240000,,,,,,,,,,,,,,
1025,10.250000,,,,,,,,,,,,,,
1026,10.260000,,,,,,,,,,,,,,
1027,10.270000,,,,,,,,0.126437,0.031030,-0.141271,-0.981373,1.730808,-0.228105,-0.915072
1028,10.280000,,,,,,,,0.129710,0.031343,-0.137053,-0.981534,1.729729,-0.229123,-0.915627
1029,10.290000,,,,,,,,0.159930,0.056606,-0.115124,-0.978756,1.729834,-0.231280,-0.915866
1030,10.300000,,,,,,,,0.112932,-0.002627,-0.156600,-0.981181,1.726171,-0.229792,-0.917721
1031,10.310000,,,,,,,,0.109906,-0.002786,-0.156649,-0.981516,1.724863,-0.230798,-0.918130
1032,10.320000,,,,,,,,,,,,,,
1033,10.330000,,,,,,,,0.125828,0.025647,-0.134756,-0.982523,1.723407,-0.233740,-0.918120
1034,10.340000,,,,,,,,0.128019,0.031973,-0.131887,-0.982443,1.722236,-0.234600,-0.918448
1035,10.350000,,,,,,,,,,,,,,
1036,10.360000,,,,,,,,,,,,,,
1037,10.370000,,,,,,,,0.124291,0.021837,-0.122566,-0.984405,1.718212,-0.238524,-0.919517
1038,10.380000,,,,,,,,,,,,,,
1039,10.390000,,,,,,,,,,,,,,
1040,10.400000,,,,,,,,0.107274,0.001030,-0.136776,-0.984776,1.713032,-0.240903,-0.922156
1041,10.410000,,,,,,,,0.102329,-0.007297,-0.142957,-0.984398,1.711187,-0.241587,-0.923040
1042,10.420000,,,,,,,,0.102533,-0.004203,-0.146813,-0.983827,1.709193,-0.242491,-0.924105
1043,10.430000,,,,,,,,,,,,,,
1044,10.440000,,,,,,,,0.110714,0.002529,-0.135052,-0.984630,1.706574,-0.245404,-0.924895
1045,10.450000,,,,,,,,0.111535,0.005213,-0.134586,-0.984591,1.705040,-0.246691,-0.925633
1046,10.460000,,,,,,,,0.096009,-0.012584,-0.135338,-0.986057,1.703670,-0.247662,-0.926462
1047,10.470000,,,,,,,,,,,,,,
1048,10.480000,,,,,,,,0.126243,0.025726,-0.104537,-0.986140,1.702000,-0.251661,-0.926453
1049,10.490000,,,,,,,,0.118721,0.022540,-0.110737,-0.986476,1.700770,-0.251912,-0.927351
1050,10.500000,,,,,,,,0.127160,0.025936,-0.105659,-0.985897,1.699109,-0.253721,-0.928201
1051,10.510000,,,,,,,,0.124518,0.024464,-0.104626,-0.986382,1.697718,-0.254691,-0.928821
1052,10.520000,,,,,,,,0.115039,0.023304,-0.109743,-0.987005,1.695893,-0.255220,-0.929131
1053,10.530000,,,,,,,,0.125899,0.026831,-0.100247,-0.986600,1.694388,-0.257164,-0.930135
1054,10.540000,,,,,,,,0.121057,0.022948,-0.103298,-0.986989,1.692434,-0.258155,-0.930811
1055,10.550000,,,,,,,,0.116018,0.018639,-0.106619,-0.987332,1.690638,-0.259066,-0.931727
1056,10.560000,,,,,,,,0.123588,0.026700,-0.100526,-0.986868,1.688772,-0.261056,-0.931531
1057,10.570000,,,,,,,,0.124864,0.026482,-0.103256,-0.986431,1.687047,-0.261891,-0.932898
1058,10.580000,,,,,,,,0.118187,0.027067,-0.098265,-0.987747,1.685516,-0.263239,-0.932857
1059,10.590000,,,,,,,,0.124578,0.034333,-0.091658,-0.987370,1.683814,-0.264867,-0.932996
1060,10.600000,,,,,,,,0.125610,0.037387,-0.096419,-0.986675,1.681650,-0.266187,-0.934461
1061,10.610000,,,,,,,,0.130111,0.036698,-0.094420,-0.986311,1.679988,-0.267576,-0.935099
1062,10.620000,,,,,,,,0.129221,0.032571,-0.095643,-0.986455,1.678271,-0.268799,-0.935986
1063,10.630000,,,,,,,,0.121261,0.026187,-0.100110,-0.987212,1.676626,-0.269670,-0.937477
1064,10.640000,,,,,,,,0.129590,0.038073,-0.090445,-0.986700,1.675050,-0.271839,-0.937904
1065,10.650000,,,,,,,,0.125333,0.028398,-0.094486,-0.987197,1.673127,-0.272682,-0.938943
1066,10.660000,,,,,,,,0.129460,0.029812,-0.091285,-0.986924,1.671163,-0.274372,-0.939519
1067,10.670000,,,,,,,,0.125755,0.031993,-0.090174,-0.987437,1.669337,-0.275773,-0.940252
1068,10.680000,,,,,,,,0.123828,0.026456,-0.090854,-0.987781,1.667796,-0.276703,-0.941451
1069,10.690000,,,,,,,,0.124218,0.028760,-0.088129,-0.987915,1.666114,-0.278131,-0.942214
1070,10.700000,,,,,,,,0.121250,0.025644,-0.087053,-0.988465,1.664302,-0.279413,-0.943180
1071,10.710000,,,,,,,,0.124845,0.031146,-0.084846,-0.988051,1.662732,-0.281126,-0.943696
1072,10.720000,,,,,,,,0.123220,0.028308,-0.082169,-0.988567,1.660855,-0.282326,-0.944651
1073,10.730000,,,,,,,,0.120041,0.025111,-0.086180,-0.988703,1.659019,-0.283642,-0.945536
1074,10.740000,,,,,,,,0.119997,0.022822,-0.082472,-0.989080,1.657187,-0.284843,-0.946327
1075,10.750000,,,,,,,,0.114184,0.022972,-0.087522,-0.989330,1.655777,-0.285875,-0.947230
1076,10.760000,,,,,,,,0.122793,0.020203,-0.082207,-0.988815,1.653329,-0.288289,-0.948236
1077,10.770000,,,,,,,,0.118389,0.020568,-0.079763,-0.989545,1.651670,-0.289306,-0.948773
1078,10.780000,,,,,,,,0.115545,0.024946,-0.083721,-0.989453,1.650295,-0.290307,-0.949473
1079,10.790000,,,,,,,,0.116022,0.032994,-0.081446,-0.989352,1.648391,-0.292163,-0.950046
1080,10.800000,,,,,,,,0.116678,0.029465,-0.079809,-0.989519,1.646702,-0.293011,-0.950489
1081,10.810000,,,,,,,,0.116873,0.032258,-0.076300,-0.989686,1.644522,-0.294519,-0.951190
1082,10.820000,,,,,,,,0.111560,0.026303,-0.080546,-0.990139,1.642649,-0.295557,-0.951932
1083,10.830000,,,,,,,,0.110672,0.032442,-0.080578,-0.990054,1.640790,-0.297609,-0.952920
1084,10.840000,,,,,,,,,,,,,,
1085,10.850000,,,,,,,,0.109639,0.027940,-0.074840,-0.990756,1.636648,-0.300450,-0.954005
1086,10.860000,,,,,,,,0.119696,0.029473,-0.067271,-0.990090,1.634368,-0.301800,-0.954035
1087,10.870000,,,,,,,,0.116581,0.029517,-0.071448,-0.990168,1.632331,-0.303111,-0.954816
1088,10.880000,,,,,,,,,,,,,,
1089,10.890000,,,,,,,,0.080366,0.004699,-0.095468,-0.992172,1.627183,-0.304156,-0.957168
1090,10.900000,,,,,,,,0.080923,0.009397,-0.090889,-0.992523,1.625365,-0.305398,-0.957515
1091,10.910000,,,,,,,,0.080011,0.009520,-0.088276,-0.992832,1.623479,-0.306629,-0.958014
1092,10.920000,,,,,,,,0.075500,0.009475,-0.091743,-0.992871,1.621322,-0.307670,-0.958608
1093,10.930000,,,,,,,,0.076248,0.012831,-0.089930,-0.992942,1.619277,-0.309401,-0.959168
1094,10.940000,,,,,,,,0.082719,0.017184,-0.082594,-0.992996,1.617746,-0.311022,-0.959197
1095,10.950000,,,,,,,,0.078358,0.014077,-0.086404,-0.993074,1.615601,-0.311869,-0.959940
1096,10.960000,,,,,,,,0.103011,0.039060,-0.065067,-0.991781,1.614166,-0.314951,-0.959485
1097,10.970000,,,,,,,,,,,,,,
1098,10.980000,,,,,,,,0.086198,0.017776,-0.073812,-0.993381,1.609824,-0.317132,-0.961510
1099,10.990000,,,,,,,,0.073502,0.000524,-0.083280,-0.993812,1.607298,-0.317902,-0.962129
1100,11.000000,,,,,,,,0.104343,0.042119,-0.057566,-0.991980,1.606835,-0.320230,-0.961603
1101,11.010000,,,,,,,,0.076714,0.008200,-0.078494,-0.993925,1.603313,-0.320295,-0.962563
1102,11.020000,,,,,,,,0.113247,0.044636,-0.043120,-0.991627,1.603447,-0.323673,-0.962751
1103,11.030000,,,,,,,,,,,,,,
1104,11.040000,,,,,,,,,,,,,,
1105,11.050000,,,,,,,,,,,,,,
1106,11.060000,,,,,,,,0.109866,0.031009,-0.043155,-0.992525,1.595466,-0.329561,-0.964613
1107,11.070000,,,,,,,,,,,,,,
1108,11.080000,,,,,,,,,,,,,,
1109,11.090000,,,,,,,,,,,,,,
1110,11.100000,,,,,,,,,,,,,,
1111,11.110000,,,,,,,,0.073646,0.004626,-0.066036,-0.995085,1.585754,-0.333694,-0.965893
1112,11.120000,,,,,,,,0.105535,0.052447,-0.045270,-0.991999,1.585398,-0.335490,-0.964854
1113,11.130000,,,,,,,,,,,,,,
1114,11.140000,,,,,,,,,,,,,,
1115,11.150000,,,,,,,,,,,,,,
1116,11.160000,,,,,,,,0.081530,0.022113,-0.061616,-0.994519,1.578299,-0.338992,-0.966602
1117,11.170000,,,,,,,,,,,,,,
1118,11.180000,,,,,,,,0.081465,0.022201,-0.064528,-0.994337,1.575191,-0.341514,-0.966969
1119,11.190000,,,,,,,,,,,,,,
1120,11.200000,,,,,,,,0.076876,0.014057,-0.079982,-0.993728,1.571040,-0.343074,-0.967355
1121,11.210000,,,,,,,,0.102395,0.048769,-0.042607,-0.992634,1.571565,-0.346444,-0.966917
1122,11.220000,,,,,,,,,,,,,,
1123,11.230000,,,,,,,,0.079654,0.018791,-0.073411,-0.993938,1.567133,-0.346751,-0.967965
1124,11.240000,,,,,,,,,,,,,,
1125,11.250000,,,,,,,,0.077438,0.017861,-0.073272,-0.994141,1.563414,-0.348153,-0.967983
1126,11.260000,,,,,,,,,,,,,,
1127,11.270000,,,,,,,,,,,,,,
1128,11.280000,,,,,,,,,,,,,,
1129,11.290000,,,,,,,,,,,,,,
1130,11.300000,,,,,,,,,,,,,,
1131,11.310000,,,,,,,,0.107311,0.046992,-0.034708,-0.992508,1.556030,-0.357267,-0.968374
1132,11.320000,,,,,,,,,,,,,,
1133,11.330000,,,,,,,,0.111892,0.045036,-0.039540,-0.991912,1.553532,-0.359713,-0.968519
1134,11.340000,,,,,,,,0.082520,0.020021,-0.062255,-0.994442,1.551385,-0.359243,-0.969391
1135,11.350000,,,,,,,,0.078824,0.015628,-0.063279,-0.994756,1.549623,-0.360284,-0.969940
1136,11.360000,,,,,,,,,,,,,,
1137,11.370000,,,,,,,,0.087723,0.027007,-0.076005,-0.992874,1.546416,-0.361001,-0.969649
1138,11.380000,,,,,,,,,,,,,,
1139,11.390000,,,,,,,,,,,,,,
1140,11.400000,,,,,,,,,,,,,,
1141,11.410000,,,,,,,,,,,,,,
1142,11.420000,,,,,,,,,,,,,,
1143,11.430000,,,,,,,,0.114974,0.067730,-0.047019,-0.989941,1.540666,-0.367904,-0.970131
1144,11.440000,,,,,,,,0.106999,0.059198,-0.049479,-0.991261,1.539153,-0.369152,-0.970825
1145,11.450000,,,,,,,,0.076678,0.016330,-0.079721,-0.993730,1.535756,-0.368887,-0.972437
1146,11.460000,,,,,,,,,,,,,,
1147,11.470000,,,,,,,,,,,,,,
1148,11.480000,,,,,,,,,,,,,,
1149,11.490000,,,,,,,,,,,,,,
1150,11.500000,,,,,,,,,,,,,,
1151,11.510000,,,,,,,,,,,,,,
1152,11.520000,,,,,,,,-0.744886,-0.647283,-0.113753,-0.115020,1.529933,-0.376789,-0.973199
1153,11.530000,,,,,,,,,,,,,,
1154,11.540000,,,,,,,,,,,,,,
1155,11.550000,,,,,,,,,,,,,,
1156,11.560000,,,,,,,,,,,,,,
1157,11.570000,,,,,,,,,,,,,,
1158,11.580000,,,,,,,,,,,,,,
1159,11.590000,,,,,,,,,,,,,,
1160,11.600000,,,,,,,,,,,,,,
1161,11.610000,,,,,,,,,,,,,,
1162,11.620000,,,,,,,,,,,,,,
1163,11.630000,,,,,,,,,,,,,,
1164,11.640000,,,,,,,,,,,,,,
1165,11.650000,,,,,,,,,,,,,,
1166,11.660000,,,,,,,,,,,,,,
1167,11.670000,,,,,,,,-0.106830,-0.066264,0.043618,0.991107,1.517511,-0.386830,-0.975056
1168,11.680000,,,,,,,,-0.105085,-0.068923,0.043075,0.991136,1.517147,-0.387145,-0.975019
1169,11.690000,,,,,,,,-0.105922,-0.068405,0.040821,0.991179,1.516596,-0.387533,-0.974958
1170,11.700000,,,,,,,,-0.104019,-0.070326,0.040280,0.991268,1.516093,-0.387970,-0.974937
1171,11.710000,,,,,,,,,,,,,,
1172,11.720000,,,,,,,,-0.103366,-0.065600,0.034912,0.991864,1.514924,-0.388366,-0.974809
1173,11.730000,,,,,,,,-0.107676,-0.064455,0.036166,0.991435,1.514394,-0.388961,-0.974971
1174,11.740000,,,,,,,,-0.107948,-0.064643,0.035131,0.991430,1.514105,-0.389111,-0.974894
1175,11.750000,,,,,,,,-0.106992,-0.066162,0.035697,0.991414,1.513745,-0.389329,-0.974761
1176,11.760000,,,,,,,,-0.107361,-0.066828,0.035920,0.991321,1.513584,-0.389474,-0.974727
1177,11.770000,,,,,,,,-0.106900,-0.067865,0.035990,0.991298,1.513322,-0.389552,-0.974588
1178,11.780000,,,,,,,,-0.106721,-0.068936,0.035653,0.991256,1.513212,-0.389578,-0.974567
1179,11.790000,,,,,,,,-0.108731,-0.066987,0.033825,0.991235,1.513023,-0.389605,-0.974540
1180,11.800000,,,,,,,,-0.108890,-0.066735,0.033114,0.991258,1.512948,-0.389607,-0.974550
1181,11.810000,,,,,,,,-0.109393,-0.066495,0.032368,0.991244,1.512871,-0.389647,-0.974564
1182,11.820000,,,,,,,,-0.109647,-0.066147,0.031445,0.991269,1.512841,-0.389647,-0.974636
1183,11.830000,,,,,,,,-0.110078,-0.066627,0.030749,0.991211,1.513036,-0.389561,-0.974869
1184,11.840000,,,,,,,,-0.109988,-0.066436,0.030158,0.991251,1.513161,-0.389537,-0.975143
1185,11.850000,,,,,,,,-0.109617,-0.066535,0.030052,0.991289,1.513308,-0.389483,-0.975428
1186,11.860000,,,,,,,,-0.107827,-0.068303,0.031049,0.991335,1.513473,-0.389405,-0.975819
1187,11.870000,,,,,,,,-0.107735,-0.068044,0.031135,0.991360,1.513767,-0.389254,-0.976323
1188,11.880000,,,,,,,,-0.107799,-0.067057,0.031507,0.991408,1.513988,-0.389067,-0.976859
1189,11.890000,,,,,,,,-0.106574,-0.068088,0.032270,0.991446,1.514315,-0.388889,-0.977426
1190,11.900000,,,,,,,,-0.105581,-0.067883,0.032832,0.991548,1.514789,-0.388643,-0.978184
1191,11.910000,,,,,,,,-0.105196,-0.066938,0.032187,0.991674,1.515213,-0.388377,-0.978930
1192,11.920000,,,,,,,,-0.103549,-0.068163,0.033769,0.991711,1.515877,-0.388205,-0.979960
1193,11.930000,,,,,,,,,,,,,,
1194,11.940000,,,,,,,,,,,,,,
1195,11.950000,,,,,,,,-0.102503,-0.067673,0.032424,0.991898,1.517728,-0.387456,-0.983179
1196,11.960000,,,,,,,,-0.098688,-0.065418,0.035778,0.992321,1.518170,-0.387297,-0.984425
1197,11.970000,,,,,,,,-0.099220,-0.061939,0.029988,0.992683,1.518671,-0.386915,-0.985645
1198,11.980000,,,,,,,,,,,,,,
1199,11.990000,,,,,,,,,,,,,,
1200,12.000000,,,,,,,,,,,,,,
1201,12.010000,,,,,,,,-0.066850,-0.009393,0.063815,0.995676,1.518660,-0.385349,-0.992594
1202,12.020000,,,,,,,,-0.066264,-0.012911,0.063734,0.995681,1.519642,-0.385283,-0.994188
1203,12.030000,,,,,,,,-0.064849,-0.013438,0.062206,0.995864,1.520742,-0.384973,-0.995771
1204,12.040000,,,,,,,,-0.066369,-0.018902,0.060269,0.995794,1.521613,-0.384787,-0.997027
1205,12.050000,,,,,,,,-0.071148,-0.031256,0.051748,0.995632,1.523127,-0.384530,-0.998579
1206,12.060000,,,,,,,,-0.072940,-0.031249,0.052072,0.995486,1.523930,-0.383953,-1.000075
1207,12.070000,,,,,,,,,,,,,,
1208,12.080000,,,,,,,,,,,,,,
1209,12.090000,,,,,,,,-0.064560,-0.019224,0.052431,0.996350,1.527705,-0.384505,-1.007269
1210,12.100000,,,,,,,,-0.058082,-0.023242,0.057227,0.996399,1.528781,-0.384290,-1.009520
1211,12.110000,,,,,,,,-0.062435,-0.023398,0.055207,0.996246,1.529936,-0.383964,-1.011199
1212,12.120000,,,,,,,,-0.082566,-0.044567,0.036577,0.994916,1.531604,-0.385069,-1.012650
1213,12.130000,,,,,,,,-0.067610,-0.026448,0.050413,0.996086,1.532507,-0.383895,-1.015897
1214,12.140000,,,,,,,,-0.067377,-0.022748,0.050116,0.996208,1.533657,-0.383658,-1.018368
1215,12.150000,,,,,,,,-0.064148,-0.033272,0.056359,0.995792,1.535015,-0.382892,-1.020489
1216,12.160000,,,,,,,,-0.065428,-0.029665,0.054808,0.995909,1.536162,-0.382497,-1.022402
1217,12.170000,,,,,,,,-0.074191,-0.035349,0.047743,0.995473,1.537498,-0.382871,-1.024559
1218,12.180000,,,,,,,,-0.071603,-0.035523,0.049833,0.995554,1.538694,-0.382416,-1.026762
1219,12.190000,,,,,,,,,,,,,,
1220,12.200000,,,,,,,,-0.076203,-0.039003,0.049168,0.995115,1.541104,-0.381864,-1.031628
1221,12.210000,,,,,,,,-0.068889,-0.026508,0.042869,0.996350,1.542190,-0.382307,-1.034382
1222,12.220000,,,,,,,,-0.056368,-0.034028,0.052554,0.996445,1.544127,-0.382341,-1.037713
1223,12.230000,,,,,,,,,,,,,,
1224,12.240000,,,,,,,,-0.059944,-0.018440,0.048433,0.996856,1.545894,-0.381794,-1.041895
1225,12.250000,,,,,,,,-0.068025,-0.031327,0.055493,0.995646,1.546859,-0.380492,-1.043795
1226,12.260000,,,,,,,,-0.062686,-0.013058,0.041815,0.997071,1.548357,-0.381667,-1.046881
1227,12.270000,,,,,,,,-0.055839,-0.010655,0.050463,0.997107,1.549290,-0.380855,-1.049101
1228,12.280000,,,,,,,,-0.061522,-0.012627,0.048069,0.996868,1.550248,-0.381126,-1.051392
1229,12.290000,,,,,,,,,,,,,,
1230,12.300000,,,,,,,,-0.050011,-0.006693,0.050590,0.997444,1.553124,-0.380494,-1.056781
1231,12.310000,,,,,,,,,,,,,,
1232,12.320000,,,,,,,,,,,,,,
1233,12.330000,,,,,,,,,,,,,,
1234,12.340000,,,,,,,,,,,,,,
1235,12.350000,,,,,,,,,,,,,,
1236,12.360000,,,,,,,,,,,,,,
1237,12.370000,,,,,,,,,,,,,,
1238,12.380000,,,,,,,,,,,,,,
1239,12.390000,,,,,,,,,,,,,,
1240,12.400000,,,,,,,,-0.025723,-0.026502,0.075600,0.996454,1.562880,-0.376252,-1.078310
1241,12.410000,,,,,,,,-0.029827,0.001225,0.063793,0.997517,1.565133,-0.377094,-1.083099
1242,12.420000,,,,,,,,,,,,,,
1243,12.430000,,,,,,,,,,,,,,
1244,12.440000,,,,,,,,0.003144,0.014537,0.090888,0.995750,1.566465,-0.375853,-1.089497
1245,12.450000,,,,,,,,,,,,,,
1246,12.460000,,,,,,,,,,,,,,
1247,12.470000,,,,,,,,-0.016663,-0.017274,0.082025,0.996341,1.568869,-0.374869,-1.093775
1248,12.480000,,,,,,,,-0.027670,-0.016977,0.073955,0.996733,1.570501,-0.375037,-1.096479
1249,12.490000,,,,,,,,-0.019521,-0.012995,0.080400,0.996487,1.570950,-0.374681,-1.098343
1250,12.500000,,,,,,,,,,,,,,
1251,12.510000,,,,,,,,-0.032812,-0.019246,0.063009,0.997288,1.573148,-0.375102,-1.101947
1252,12.520000,,,,,,,,-0.011529,-0.005565,0.079246,0.996773,1.572620,-0.374390,-1.103551
1253,12.530000,,,,,,,,-0.008855,-0.004887,0.081112,0.996654,1.573465,-0.374290,-1.105426
1254,12.540000,,,,,,,,,,,,,,
1255,12.550000,,,,,,,,,,,,,,
1256,12.560000,,,,,,,,-0.018442,0.008349,0.077279,0.996804,1.574540,-0.374366,-1.110561
1257,12.570000,,,,,,,,-0.017831,0.007568,0.074722,0.997016,1.575410,-0.374159,-1.111824
1258,12.580000,,,,,,,,-0.019593,0.012213,0.074036,0.996988,1.575543,-0.374047,-1.113159
1259,12.590000,,,,,,,,,,,,,,
1260,12.600000,,,,,,,,,,,,,,
1261,12.610000,,,,,,,,,,,,,,
1262,12.620000,,,,,,,,,,,,,,
1263,12.630000,,,,,,,,,,,,,,
1264,12.640000,,,,,,,,,,,,,,
1265,12.650000,,,,,,,,,,,,,,
1266,12.660000,,,,,,,,,,,,,,
1267,12.670000,,,,,,,,,,,,,,
1268,12.680000,,,,,,,,,,,,,,
1269,12.690000,,,,,,,,,,,,,,
1270,12.700000,,,,,,,,,,,,,,
1271,12.710000,,,,,,,,,,,,,,
1272,12.720000,,,,,,,,,,,,,,
1273,12.730000,,,,,,,,,,,,,,
1274,12.740000,,,,,,,,,,,,,,
1275,12.750000,,,,,,,,,,,,,,
1276,12.760000,,,,,,,,,,,,,,
1277,12.770000,,,,,,,,,,,,,,
1278,12.780000,,,,,,,,,,,,,,
1279,12.790000,,,,,,,,-0.000658,0.010416,0.075426,0.997097,1.582928,-0.373526,-1.129072
1280,12.800000,,,,,,,,-0.001149,0.008792,0.076015,0.997067,1.583161,-0.373327,-1.129285
1281,12.810000,,,,,,,,,,,,,,
1282,12.820000,,,,,,,,,,,,,,
1283,12.830000,,,,,,,,,,,,,,
1284,12.840000,,,,,,,,,,,,,,
1285,12.850000,,,,,,,,,,,,,,
1286,12.860000,,,,,,,,,,,,,,
1287,12.870000,,,,,,,,,,,,,,
1288,12.880000,,,,,,,,,,,,,,
1289,12.890000,,,,,,,,,,,,,,
1290,12.900000,,,,,,,,,,,,,,
1291,12.910000,,,,,,,,,,,,,,
1292,12.920000,,,,,,,,,,,,,,
1293,12.930000,,,,,,,,,,,,,,
1294,12.940000,,,,,,,,,,,,,,
1295,12.950000,,,,,,,,,,,,,,
1296,12.960000,,,,,,,,,,,,,,
1297,12.970000,,,,,,,,,,,,,,
1298,12.980000,,,,,,,,,,,,,,
1299,12.990000,,,,,,,,,,,,,,
1300,13.000000,,,,,,,,,,,,,,
1301,13.010000,,,,,,,,,,,,,,
1302,13.020000,,,,,,,,,,,,,,
1303,13.030000,,,,,,,,,,,,,,
1304,13.040000,,,,,,,,,,,,,,
1305,13.050000,,,,,,,,0.006860,0.009874,0.075379,0.997083,1.582913,-0.373230,-1.129581
1306,13.060000,,,,,,,,0.006906,0.009417,0.075001,0.997115,1.582794,-0.373351,-1.129262
1307,13.070000,,,,,,,,0.006663,0.009946,0.075022,0.997110,1.582740,-0.373390,-1.129031
1308,13.080000,,,,,,,,,,,,,,
1309,13.090000,,,,,,,,,,,,,,
1310,13.100000,,,,,,,,,,,,,,
1311,13.110000,,,,,,,,,,,,,,
1312,13.120000,,,,,,,,,,,,,,
1313,13.130000,,,,,,,,,,,,,,
1314,13.140000,,,,,,,,,,,,,,
1315,13.150000,,,,,,,,,,,,,,
1316,13.160000,,,,,,,,,,,,,,
1317,13.170000,,,,,,,,,,,,,,
1318,13.180000,,,,,,,,,,,,,,
1319,13.190000,,,,,,,,,,,,,,
1320,13.200000,,,,,,,,,,,,,,
1321,13.210000,,,,,,,,,,,,,,
1322,13.220000,,,,,,,,,,,,,,
1323,13.230000,,,,,,,,,,,,,,
1324,13.240000,,,,,,,,,,,,,,
1325,13.250000,,,,,,,,,,,,,,
1326,13.260000,,,,,,,,,,,,,,
1327,13.270000,,,,,,,,,,,,,,
1328,13.280000,,,,,,,,,,,,,,
1329,13.290000,,,,,,,,,,,,,,
1330,13.300000,,,,,,,,,,,,,,
1331,13.310000,,,,,,,,,,,,,,
1332,13.320000,,,,,,,,,,,,,,
1333,13.330000,,,,,,,,,,,,,,
1334,13.340000,,,,,,,,,,,,,,
1335,13.350000,,,,,,,,,,,,,,
1336,13.360000,,,,,,,,,,,,,,
1337,13.370000,,,,,,,,,,,,,,
1338,13.380000,,,,,,,,,,,,,,
1339,13.390000,,,,,,,,-0.002711,0.010591,0.070107,0.997480,1.580659,-0.376378,-1.119748
1340,13.400000,,,,,,,,,,,,,,
1341,13.410000,,,,,,,,-0.002990,0.006800,0.071121,0.997440,1.580608,-0.376211,-1.119287
1342,13.420000,,,,,,,,-0.002469,0.006298,0.071185,0.997440,1.580609,-0.376221,-1.119152
1343,13.430000,,,,,,,,,,,,,,
1344,13.440000,,,,,,,,0.004614,0.017131,0.066725,0.997614,1.580852,-0.376779,-1.119161
1345,13.450000,,,,,,,,0.004163,0.016739,0.066796,0.997618,1.580890,-0.376708,-1.119028
1346,13.460000,,,,,,,,-0.000963,0.021423,0.073988,0.997029,1.581044,-0.377039,-1.118987
1347,13.470000,,,,,,,,-0.001849,0.021666,0.074165,0.997009,1.581062,-0.376996,-1.118924
1348,13.480000,,,,,,,,-0.002315,0.021927,0.074267,0.996995,1.581060,-0.376982,-1.118824
1349,13.490000,,,,,,,,-0.001669,0.020983,0.074802,0.996976,1.581054,-0.376936,-1.118644
1350,13.500000,,,,,,,,-0.006768,0.011885,0.078318,0.996835,1.580973,-0.376386,-1.118302
1351,13.510000,,,,,,,,-0.009735,0.007836,0.080143,0.996705,1.581020,-0.376014,-1.117986
1352,13.520000,,,,,,,,-0.007598,0.012220,0.078650,0.996798,1.580963,-0.376375,-1.118089
1353,13.530000,,,,,,,,-0.008574,0.012406,0.078885,0.996770,1.580931,-0.376370,-1.118019
1354,13.540000,,,,,,,,-0.008462,0.012104,0.078942,0.996770,1.580922,-0.376384,-1.117936
1355,13.550000,,,,,,,,-0.008819,0.012655,0.078488,0.996796,1.580885,-0.376413,-1.117882
1356,13.560000,,,,,,,,-0.015985,0.007883,0.080818,0.996570,1.580615,-0.376088,-1.117838
1357,13.570000,,,,,,,,-0.010209,0.014059,0.078010,0.996801,1.580767,-0.376470,-1.117801
1358,13.580000,,,,,,,,-0.007368,0.004077,0.083364,0.996484,1.580961,-0.376233,-1.117571
1359,13.590000,,,,,,,,-0.006175,0.008773,0.081556,0.996611,1.580938,-0.376525,-1.117757
1360,13.600000,,,,,,,,-0.006759,0.003484,0.083134,0.996509,1.580912,-0.376242,-1.117531
1361,13.610000,,,,,,,,-0.007852,0.004020,0.082699,0.996536,1.580839,-0.376226,-1.117522
1362,13.620000,,,,,,,,-0.006923,0.003491,0.082944,0.996524,1.580840,-0.376210,-1.117492
1363,13.630000,,,,,,,,-0.011513,0.002075,0.084228,0.996378,1.580550,-0.376192,-1.117645
1364,13.640000,,,,,,,,-0.007392,0.004341,0.082988,0.996514,1.580750,-0.376189,-1.117490
1365,13.650000,,,,,,,,-0.007133,0.003718,0.083162,0.996504,1.580734,-0.376195,-1.117482
1366,13.660000,,,,,,,,,,,,,,
1367,13.670000,,,,,,,,,,,,,,
1368,13.680000,,,,,,,,,,,,,,
1369,13.690000,,,,,,,,,,,,,,
1370,13.700000,,,,,,,,,,,,,,
1371,13.710000,,,,,,,,,,,,,,
1372,13.720000,,,,,,,,,,,,,,
1373,13.730000,,,,,,,,,,,,,,
1374,13.740000,,,,,,,,,,,,,,
1375,13.750000,,,,,,,,,,,,,,
1376,13.760000,,,,,,,,,,,,,,
1377,13.770000,,,,,,,,,,,,,,
1378,13.780000,,,,,,,,,,,,,,
1379,13.790000,,,,,,,,,,,,,,
1380,13.800000,,,,,,,,,,,,,,
1381,13.810000,,,,,,,,,,,,,,
1382,13.820000,,,,,,,,,,,,,,
1383,13.830000,,,,,,,,,,,,,,
1384,13.840000,,,,,,,,,,,,,,
1385,13.850000,,,,,,,,,,,,,,
1386,13.860000,,,,,,,,,,,,,,
1387,13.870000,,,,,,,,,,,,,,
1388,13.880000,,,,,,,,,,,,,,
1389,13.890000,,,,,,,,,,,,,,
1390,13.900000,,,,,,,,,,,,,,
1391,13.910000,,,,,,,,,,,,,,
1392,13.920000,,,,,,,,,,,,,,
1393,13.930000,,,,,,,,,,,,,,
1394,13.940000,,,,,,,,,,,,,,
1395,13.950000,,,,,,,,,,,,,,
1396,13.960000,,,,,,,,,,,,,,
1397,13.970000,,,,,,,,,,,,,,
1398,13.980000,,,,,,,,,,,,,,
1399,13.990000,,,,,,,,,,,,,,
1400,14.000000,,,,,,,,,,,,,,
1401,14.010000,,,,,,,,,,,,,,
1402,14.020000,,,,,,,,,,,,,,
1403,14.030000,,,,,,,,-0.003146,0.002613,0.080523,0.996744,1.579838,-0.376868,-1.116571
1404,14.040000,,,,,,,,,,,,,,
1405,14.050000,,,,,,,,-0.002310,0.001322,0.080800,0.996727,1.579834,-0.376833,-1.116457
1406,14.060000,,,,,,,,-0.002814,0.001798,0.080553,0.996745,1.579864,-0.376818,-1.116467
1407,14.070000,,,,,,,,-0.002447,0.001829,0.080536,0.996747,1.579849,-0.376810,-1.116429
1408,14.080000,,,,,,,,,,,,,,
1409,14.090000,,,,,,,,-0.003113,0.002459,0.081174,0.996692,1.579926,-0.376760,-1.116420
1410,14.100000,,,,,,,,,,,,,,
1411,14.110000,,,,,,,,-0.003197,0.002713,0.080924,0.996712,1.579952,-0.376735,-1.116393
1412,14.120000,,,,,,,,-0.004068,0.003975,0.080457,0.996742,1.580042,-0.376655,-1.116410
1413,14.130000,,,,,,,,-0.003221,0.002913,0.080259,0.996765,1.580025,-0.376675,-1.116365
1414,14.140000,,,,,,,,-0.002300,0.002501,0.080379,0.996759,1.580062,-0.376661,-1.116339
1415,14.150000,,,,,,,,,,,,,,
1416,14.160000,,,,,,,,-0.002569,0.003020,0.079628,0.996817,1.580114,-0.376670,-1.116311
1417,14.170000,,,,,,,,-0.002679,0.002431,0.079728,0.996810,1.580123,-0.376672,-1.116298
1418,14.180000,,,,,,,,,,,,,,
1419,14.190000,,,,,,,,-0.003111,0.002825,0.079782,0.996804,1.580151,-0.376692,-1.116266
1420,14.200000,,,,,,,,-0.002917,0.002498,0.080356,0.996759,1.580183,-0.376698,-1.116255
1421,14.210000,,,,,,,,-0.003481,0.003612,0.079595,0.996815,1.580148,-0.376724,-1.116247
1422,14.220000,,,,,,,,,,,,,,
1423,14.230000,,,,,,,,-0.002459,0.002614,0.079761,0.996808,1.580168,-0.376732,-1.116199
1424,14.240000,,,,,,,,,,,,,,
1425,14.250000,,,,,,,,,,,,,,
1426,14.260000,,,,,,,,,,,,,,
1427,14.270000,,,,,,,,,,,,,,
1428,14.280000,,,,,,,,,,,,,,
1429,14.290000,,,,,,,,,,,,,,
